Submission id,Participant id,Status,Started at,Completed at,Reviewed at,Archived at,Time taken,Completion code,Total approvals,Covid-19 working from home,Age,Sex,Ethnicity simplified,Country of birth,Country of residence,Nationality,Language,Student status,Employment status
637e5cfb0a980d4345d9e1b1,6100a9190f0346ae722a4db2,AWAITING REVIEW,2022-11-23T17:48:45.301000Z,2022-11-23T17:49:58.533000Z,,2022-11-23T17:49:59.055222Z,74,CF8H6SE4,235,"Yes, I am working from home every day. I rarely worked from home before COVID-19 (less than 1 day a week).",35,Female,Asian,United States,United States,United States,English,No,Full-Time
637e5d20e2b77f5810c0d744,5f91fe1f5ed1060f5afb58a7,AWAITING REVIEW,2022-11-23T17:49:23.004000Z,2022-11-23T17:51:05.143000Z,,2022-11-23T17:51:05.847422Z,103,CF8H6SE4,500,"Yes, I am working from home every day. I rarely worked from home before COVID-19 (less than 1 day a week).",30,Female,Mixed,United States,United States,United States,English,No,Part-Time
637e5fd8e7625cb9b8f7e107,5c64c8c458987100010e9db7,AWAITING REVIEW,2022-11-23T18:00:59.967000Z,2022-11-23T18:02:11.387000Z,,2022-11-23T18:02:11.854156Z,72,CF8H6SE4,3631,"Yes, I am sometimes working from home, but still commuting to my workplace on other days.",62,Female,White,United States,United States,United States,English,No,Full-Time
637e60e163982039dc9305d5,6111b27e123039e968795ea8,AWAITING REVIEW,2022-11-23T18:05:22.809000Z,2022-11-23T18:06:28.797000Z,,2022-11-23T18:06:29.376957Z,66,CF8H6SE4,1275,"Yes, I am working from home every day. I sometimes worked from home before COVID-19 (1 day a week or more).",31,Female,White,United States,United States,United States,English,Yes,Part-Time
637e636fbaf74fa9a2bab6b6,5c26b50d1fc74500017cc346,AWAITING REVIEW,2022-11-23T18:16:19.300000Z,2022-11-23T18:19:06.795000Z,,2022-11-23T18:19:07.190789Z,168,CF8H6SE4,2188,"Yes, I am working from home every day. I sometimes worked from home before COVID-19 (1 day a week or more).",40,Female,White,United States,United States,United States,English,No,Full-Time
637e64989ea998f677acd630,5e9f12398bee3106d8a13131,AWAITING REVIEW,2022-11-23T18:21:15.735000Z,2022-11-23T18:22:23.531000Z,,2022-11-23T18:22:23.874024Z,68,CF8H6SE4,1336,"Yes, I am working from home every day. I always worked from home before COVID-19.",37,Female,White,United States,United States,United States,English,No,Part-Time
637e66732a4b84e9ba619007,6288200662bdd110ddecad7a,AWAITING REVIEW,2022-11-23T18:29:09.474000Z,2022-11-23T18:32:05.734000Z,,2022-11-23T18:32:06.103882Z,177,CF8H6SE4,1050,"Yes, I am sometimes working from home, but still commuting to my workplace on other days.",33,Male,Asian,Korea,United States,United States,English,No,Full-Time
637e678ff4b38221fc163271,60819dd29a63569b48b584ea,AWAITING REVIEW,2022-11-23T18:33:53.117000Z,2022-11-23T18:34:34.150000Z,,2022-11-23T18:34:34.571069Z,42,CF8H6SE4,2511,"Yes, I am working from home every day. I sometimes worked from home before COVID-19 (1 day a week or more).",32,Female,Asian,United States,United States,United States,English,No,Full-Time
637e69023776b37615b325f0,6173153923f87c01a847eb5b,AWAITING REVIEW,2022-11-23T18:40:05.040000Z,2022-11-23T18:43:25.394000Z,,2022-11-23T18:43:25.748611Z,201,CF8H6SE4,2045,"Yes, I am sometimes working from home, but still commuting to my workplace on other days.",36,Female,Asian,United States,United States,United States,Tagalog-Filipino,No,Full-Time
637e696fbe3801d3784f345e,5e7e0e92b7838b4aca1b6fca,AWAITING REVIEW,2022-11-23T18:41:53.242000Z,2022-11-23T18:46:29.857000Z,,2022-11-23T18:46:31.076528Z,277,CF8H6SE4,2785,"Yes, I am sometimes working from home, but still commuting to my workplace on other days.",53,Male,Mixed,United States,United States,United States,English,No,Full-Time
637e698bb0a3f08bfc6fb18f,6116876a64aadf8649c181a8,AWAITING REVIEW,2022-11-23T18:42:21.826000Z,2022-11-23T18:43:23.151000Z,,2022-11-23T18:43:23.578428Z,62,CF8H6SE4,1408,"Yes, I am working from home every day. I rarely worked from home before COVID-19 (less than 1 day a week).",26,Female,White,United States,United States,United States,English,No,Full-Time
637e6a1387a88d1c90a6585b,5dc6e8472865554f0289bb6d,AWAITING REVIEW,2022-11-23T18:44:50.768000Z,2022-11-23T18:46:03.261000Z,,2022-11-23T18:46:04.566016Z,73,CF8H6SE4,3034,"Yes, I am working from home every day. I always worked from home before COVID-19.",31,Female,White,United States,United States,United States,English,No,Part-Time
637e6a6fd9e36bb2cc93058e,5dd773812b033b7177af88f1,AWAITING REVIEW,2022-11-23T18:46:11.570000Z,2022-11-23T18:47:33.322000Z,,2022-11-23T18:47:33.818318Z,82,CF8H6SE4,1761,"Yes, I am working from home every day. I sometimes worked from home before COVID-19 (1 day a week or more).",43,Female,White,United States,United States,United States,English,No,Part-Time
637e6a9a23f5a028f0030c0a,56db4c217dcddf000bd5853c,AWAITING REVIEW,2022-11-23T18:46:55.293000Z,2022-11-23T18:48:22.705000Z,,2022-11-23T18:48:23.077151Z,88,CF8H6SE4,3647,"Yes, I am working from home every day. I always worked from home before COVID-19.",64,Female,White,United States,United States,United States,English,No,Part-Time
637e6a9e7d5c7f2dd916326f,62e02dd0f627ebffb011a0f6,AWAITING REVIEW,2022-11-23T18:46:56.340000Z,2022-11-23T18:51:20.382000Z,,2022-11-23T18:51:20.820832Z,265,CF8H6SE4,449,"Yes, I am working from home every day. I always worked from home before COVID-19.",36,Female,White,United States,United States,United States,English,No,Full-Time
637e6b481120d21abf9305e1,57fbe878035f6e0001d71a8c,AWAITING REVIEW,2022-11-23T18:49:46.814000Z,2022-11-23T18:54:34.398000Z,,2022-11-23T18:54:34.850389Z,288,CF8H6SE4,3700,"Yes, I am sometimes working from home, but still commuting to my workplace on other days.",34,Male,White,United States,United States,United States,English,No,Full-Time
637e6b4aa11d138392428a1d,601c2c63f899976cb35c1269,AWAITING REVIEW,2022-11-23T18:49:48.648000Z,2022-11-23T18:50:23.836000Z,,2022-11-23T18:50:25.654829Z,36,CF8H6SE4,1096,"Yes, I am sometimes working from home, but still commuting to my workplace on other days.",23,Female,White,United States,United States,United States,English,Yes,Unemployed (and job seeking)
637e6b530782c22850d9e1c4,6045c416b5547f70e3917c12,AWAITING REVIEW,2022-11-23T18:49:55.275000Z,2022-11-23T18:51:32.220000Z,,2022-11-23T18:51:32.634856Z,97,CF8H6SE4,1151,"Yes, I am working from home every day. I rarely worked from home before COVID-19 (less than 1 day a week).",44,Female,White,United States,United States,United States,English,No,Part-Time
637e6b5fc18083800dd82c5a,62ead1ef3d160a9d666c0bac,AWAITING REVIEW,2022-11-23T18:50:10.086000Z,2022-11-23T18:50:45.752000Z,,2022-11-23T18:50:46.139618Z,36,CF8H6SE4,469,"Yes, I am working from home every day. I rarely worked from home before COVID-19 (less than 1 day a week).",26,Female,Asian,United States,United States,United States,English,No,Part-Time
637e6b74724e85c52f8ff245,5849061d0c097700012a1ed4,AWAITING REVIEW,2022-11-23T18:50:32.585000Z,2022-11-23T18:52:30.379000Z,,2022-11-23T18:52:30.878686Z,118,CF8H6SE4,2168,"Yes, I am working from home every day. I sometimes worked from home before COVID-19 (1 day a week or more).",55,Male,White,United States,United States,United States,English,Yes,Full-Time
637e6b75234fd5f7897229d9,61160189e88d439232bca89e,AWAITING REVIEW,2022-11-23T18:50:36.171000Z,2022-11-23T18:51:48.487000Z,,2022-11-23T18:51:48.908718Z,73,CF8H6SE4,1792,"Yes, I am sometimes working from home, but still commuting to my workplace on other days.",28,Male,White,United States,United States,United States,English,No,Full-Time
637e6b799384f55ea422ea55,580145ebf35f130001c36157,AWAITING REVIEW,2022-11-23T18:50:36.685000Z,2022-11-23T18:52:07.801000Z,,2022-11-23T18:52:08.578573Z,92,CF8H6SE4,930,"Yes, I am working from home every day. I rarely worked from home before COVID-19 (less than 1 day a week).",35,Male,White,United States,United States,United States,English,No,Full-Time
637e6b8128737f71df8bd2ac,62952c60095ebfbdca7ec2ac,AWAITING REVIEW,2022-11-23T18:50:44.287000Z,2022-11-23T18:51:32.825000Z,,2022-11-23T18:51:33.322217Z,49,CF8H6SE4,599,"Yes, I am working from home every day. I sometimes worked from home before COVID-19 (1 day a week or more).",29,Male,Mixed,United States,United States,United States,English,No,Part-Time
637e6b82e996b603a44e4217,558ffe16fdf99b3f7aada34d,AWAITING REVIEW,2022-11-23T18:53:38.916000Z,2022-11-23T18:55:44.970000Z,,2022-11-23T18:55:45.368460Z,127,CF8H6SE4,1951,"Yes, I am working from home every day. I always worked from home before COVID-19.",35,Female,White,United States,United States,United States,English,No,Full-Time
637e6bad6b28349c39c681c2,60fe47b274576eb477b06e6d,AWAITING REVIEW,2022-11-23T18:51:26.809000Z,2022-11-23T18:52:40.957000Z,,2022-11-23T18:52:41.927700Z,75,CF8H6SE4,815,"Yes, I am working from home every day. I rarely worked from home before COVID-19 (less than 1 day a week).",29,Male,White,United States,United States,United States,English,No,Full-Time
637e6bbf558cd8548b16328e,6151e17dd596caee8fc6b73c,AWAITING REVIEW,2022-11-23T18:51:46.582000Z,2022-11-23T18:53:33.788000Z,,2022-11-23T18:53:34.190264Z,108,CF8H6SE4,1063,"Yes, I am working from home every day. I rarely worked from home before COVID-19 (less than 1 day a week).",45,Female,White,United States,United States,United States,English,No,Full-Time
637e6bcde5b0a4c9b0d82c27,62865e3456c142785cfad2a7,AWAITING REVIEW,2022-11-23T18:51:59.527000Z,2022-11-23T18:55:09.120000Z,,2022-11-23T18:55:09.463598Z,190,CF8H6SE4,973,"Yes, I am working from home every day. I rarely worked from home before COVID-19 (less than 1 day a week).",29,Male,Other,United States,United States,United States,English,No,Part-Time
637e6bd0e16cf27f69a65867,604fe822b095421e07e3f93e,AWAITING REVIEW,2022-11-23T18:52:02.610000Z,2022-11-23T18:52:59.525000Z,,2022-11-23T18:52:59.989867Z,57,CF8H6SE4,1389,"Yes, I am working from home every day. I rarely worked from home before COVID-19 (less than 1 day a week).",29,Male,White,United States,United States,United States,English,No,Full-Time
637e6bd3a26763e13a233f59,5cc5e72ce3c44e0015fdf990,AWAITING REVIEW,2022-11-23T18:53:22.339000Z,2022-11-23T18:54:40.192000Z,,2022-11-23T18:54:40.570067Z,78,CF8H6SE4,3535,"Yes, I am working from home every day. I always worked from home before COVID-19.",28,Male,White,United States,United States,United States,English,No,Full-Time
637e6bf5c18083800dd82c7f,605bc8caf9e0b0f799baf6da,AWAITING REVIEW,2022-11-23T18:52:41.180000Z,2022-11-23T18:53:40.720000Z,,2022-11-23T18:53:41.113537Z,60,CF8H6SE4,3106,"Yes, I am working from home every day. I rarely worked from home before COVID-19 (less than 1 day a week).",36,Male,White,United States,United States,United States,English,No,Full-Time
637e6bfa0a3301380fa55306,5ae3563e5cd05500015ed96b,AWAITING REVIEW,2022-11-23T18:52:45.521000Z,2022-11-23T18:54:24.609000Z,,2022-11-23T18:54:24.993121Z,100,CF8H6SE4,4558,"Yes, I am sometimes working from home, but still commuting to my workplace on other days.",37,Female,White,United States,United States,United States,English,No,Full-Time
637e6c05e996b603a44e4228,606479c20b621e3a22d6c0d5,AWAITING REVIEW,2022-11-23T18:52:56.958000Z,2022-11-23T18:55:14.561000Z,,2022-11-23T18:55:14.928834Z,138,CF8H6SE4,2933,"Yes, I am sometimes working from home, but still commuting to my workplace on other days.",57,Male,White,United States,United States,United States,English,No,Full-Time
637e6c070d2062b8c94e4274,5dedb806838b4f46c8d183a5,AWAITING REVIEW,2022-11-23T18:53:00.086000Z,2022-11-23T18:54:02.780000Z,,2022-11-23T18:54:03.171658Z,63,CF8H6SE4,3360,"Yes, I am working from home every day. I rarely worked from home before COVID-19 (less than 1 day a week).",42,Male,White,United States,United States,United States,English,No,Full-Time
637e6c11cc1b8e54844f345f,5fff542aeed8c2065133114e,AWAITING REVIEW,2022-11-23T18:53:29.937000Z,2022-11-23T18:54:43.065000Z,,2022-11-23T18:54:43.481115Z,74,CF8H6SE4,2974,"Yes, I am working from home every day. I rarely worked from home before COVID-19 (less than 1 day a week).",26,Male,White,United States,United States,United States,English,Yes,Full-Time
637e6c229ef9cf7309c0d78e,5eb33612d573b51326905f30,AWAITING REVIEW,2022-11-23T18:53:26.929000Z,2022-11-23T18:54:31.052000Z,,2022-11-23T18:54:31.999739Z,65,CF8H6SE4,3103,"Yes, I am working from home every day. I rarely worked from home before COVID-19 (less than 1 day a week).",38,Female,White,United States,United States,United States,English,No,Full-Time
637e6c26af98aa8f93075c64,558fd02cfdf99b39cb035e5d,AWAITING REVIEW,2022-11-23T18:53:26.864000Z,2022-11-23T18:54:06.200000Z,,2022-11-23T18:54:06.720662Z,40,CF8H6SE4,2031,"Yes, I am working from home every day. I always worked from home before COVID-19.",50,Male,White,United States,United States,United States,English,No,Full-Time
637e6c2f88de9c19e8e37a52,632c0075227e9b734c80424d,AWAITING REVIEW,2022-11-23T18:53:39.078000Z,2022-11-23T18:55:57.079000Z,,2022-11-23T18:55:57.561617Z,139,CF8H6SE4,330,"Yes, I am working from home every day. I sometimes worked from home before COVID-19 (1 day a week or more).",37,Male,White,United States,United States,United States,English,No,Part-Time
637e6c353198f1db0fd82c25,5ffa65ae7211c742f5e88aaf,AWAITING REVIEW,2022-11-23T18:53:44.417000Z,2022-11-23T18:56:08.921000Z,,2022-11-23T18:56:09.290337Z,145,CF8H6SE4,1602,"Yes, I am working from home every day. I sometimes worked from home before COVID-19 (1 day a week or more).",35,Female,Black,United States,United States,United States,English,No,Part-Time
637e6c57d62946300e4e41ff,60fd080d5476f4a77211bafb,AWAITING REVIEW,2022-11-23T18:54:19.441000Z,2022-11-23T18:55:34.137000Z,,2022-11-23T18:55:34.496351Z,75,CF8H6SE4,1677,"Yes, I am working from home every day. I rarely worked from home before COVID-19 (less than 1 day a week).",34,Female,White,United States,United States,United States,English,No,Full-Time
637e6c6b19ea715db9bdc9ad,5ec9cf3ed4642d4ebb802b42,AWAITING REVIEW,2022-11-23T18:54:38.913000Z,2022-11-23T18:56:44.088000Z,,2022-11-23T18:56:45.254274Z,126,CF8H6SE4,1760,"Yes, I am sometimes working from home, but still commuting to my workplace on other days.",55,Male,White,United States,United States,United States,English,No,Full-Time
637e6c74fe24ebf0eaf7e098,5a35ecbf57d4450001236fd3,AWAITING REVIEW,2022-11-23T18:54:48.551000Z,2022-11-23T19:07:23.188000Z,,2022-11-23T19:07:23.615759Z,755,CF8H6SE4,1431,"Yes, I am sometimes working from home, but still commuting to my workplace on other days.",30,Male,White,United States,United States,United States,English,No,Part-Time
637e6c7623c3bacf88917963,5c1d10be426c440001885e1c,AWAITING REVIEW,2022-11-23T18:54:48.393000Z,2022-11-23T18:56:11.109000Z,,2022-11-23T18:56:11.496650Z,83,CF8H6SE4,1519,"Yes, I am sometimes working from home, but still commuting to my workplace on other days.",35,Female,White,United States,United States,United States,English,No,Full-Time
637e6c77de9fa7a5ae8ff24e,6312fb265eb1e756a4934182,AWAITING REVIEW,2022-11-23T18:54:51.596000Z,2022-11-23T18:56:28.155000Z,,2022-11-23T18:56:28.504328Z,97,CF8H6SE4,366,"Yes, I am working from home every day. I rarely worked from home before COVID-19 (less than 1 day a week).",38,Male,White,United States,United States,United States,English,No,Unemployed (and job seeking)
637e6c793500d224498bd2b3,5ee71ce25f11c84a3e909b09,AWAITING REVIEW,2022-11-23T18:54:55.910000Z,2022-11-23T18:56:10.046000Z,,2022-11-23T18:56:10.420040Z,75,CF8H6SE4,117,"Yes, I am sometimes working from home, but still commuting to my workplace on other days.",30,Female,Black,United States,United States,United States,English,Yes,Full-Time
637e6c7992be6a7a33bab64e,5ae7f99bd5ec5e000175f097,AWAITING REVIEW,2022-11-23T18:54:56.072000Z,2022-11-23T18:55:50.843000Z,,2022-11-23T18:55:51.284758Z,55,CF8H6SE4,2817,"Yes, I am sometimes working from home, but still commuting to my workplace on other days.",39,Male,White,United States,United States,United States,English,No,Full-Time
637e6c7da705599b0c6fb155,62e85346fa2d55eacfe3f60e,AWAITING REVIEW,2022-11-23T18:54:56.492000Z,2022-11-23T18:56:15.355000Z,,2022-11-23T18:56:15.840634Z,79,CF8H6SE4,600,"Yes, I am sometimes working from home, but still commuting to my workplace on other days.",30,Male,Other,United States,United States,United States,Spanish,No,Full-Time
637e6c80ac3771eb4a4289be,60b91e7f81b40fd08d67baaa,AWAITING REVIEW,2022-11-23T18:55:00.545000Z,2022-11-23T18:56:18.546000Z,,2022-11-23T18:56:18.966546Z,79,CF8H6SE4,1893,"Yes, I am working from home every day. I always worked from home before COVID-19.",55,Female,White,United States,United States,United States,English,No,Full-Time
637e6c855af825df7022ea33,5d58b018a0c0940001a47057,AWAITING REVIEW,2022-11-23T18:55:07.011000Z,2022-11-23T18:57:32.252000Z,,2022-11-23T18:57:32.675397Z,146,CF8H6SE4,1090,"Yes, I am working from home every day. I always worked from home before COVID-19.",48,Female,White,United States,United States,United States,English,No,Part-Time
637e6c8863ddb59caad9e19e,61004e962509f21ce295df3d,AWAITING REVIEW,2022-11-23T18:55:06.085000Z,2022-11-23T18:56:21.790000Z,,2022-11-23T18:56:22.197974Z,76,CF8H6SE4,1365,"Yes, I am working from home every day. I always worked from home before COVID-19.",25,Female,Asian,United States,United States,United States,Korean,No,Unemployed (and job seeking)
637e6c8e428c247d5ef7e08d,6286720235c69e3ad5e82061,AWAITING REVIEW,2022-11-23T18:55:13.169000Z,2022-11-23T18:57:40.714000Z,,2022-11-23T18:57:41.210983Z,148,CF8H6SE4,593,"Yes, I am sometimes working from home, but still commuting to my workplace on other days.",34,Male,White,United States,United States,United States,English,No,Full-Time
637e6c93428c247d5ef7e08f,5dd33f6b2091e93579973754,AWAITING REVIEW,2022-11-23T18:55:17.976000Z,2022-11-23T18:56:18.751000Z,,2022-11-23T18:56:19.171275Z,61,CF8H6SE4,2485,"Yes, I am working from home every day. I rarely worked from home before COVID-19 (less than 1 day a week).",42,Male,Black,United States,United States,United States,English,No,Full-Time
637e6c9a606aadbdd0d9e1c4,5c16e72c91defa000115c8ec,AWAITING REVIEW,2022-11-23T18:55:26.251000Z,2022-11-23T18:56:14.152000Z,,2022-11-23T18:56:14.572098Z,48,CF8H6SE4,992,"Yes, I am working from home every day. I rarely worked from home before COVID-19 (less than 1 day a week).",31,Male,White,United States,United States,United States,English,No,Full-Time
637e6cab5519230bd9a65860,596bac33670f410001fe9c07,AWAITING REVIEW,2022-11-23T18:55:39.770000Z,2022-11-23T18:57:04.580000Z,,2022-11-23T18:57:04.973203Z,85,CF8H6SE4,1821,"Yes, I am working from home every day. I always worked from home before COVID-19.",29,Female,White,United States,United States,United States,English,No,Part-Time
637e6cc25ac12099b89305c1,60c81a232837d9f7d4a641bf,AWAITING REVIEW,2022-11-23T18:56:05.583000Z,2022-11-23T18:57:19.949000Z,,2022-11-23T18:57:21.508408Z,75,CF8H6SE4,1834,"Yes, I am working from home every day. I sometimes worked from home before COVID-19 (1 day a week or more).",52,Female,White,United States,United States,United States,English,No,Full-Time
637e6cc6d9e36bb2cc9305e7,615c777509f34c8977bc45a7,AWAITING REVIEW,2022-11-23T18:56:08.837000Z,2022-11-23T18:57:25.440000Z,,2022-11-23T18:57:25.779747Z,77,CF8H6SE4,2757,"Yes, I am sometimes working from home, but still commuting to my workplace on other days.",33,Male,White,United States,United States,United States,English,No,Full-Time
637e6cc9c25a90c1b816329f,55bb9ae7fdf99b26d27fda01,AWAITING REVIEW,2022-11-23T18:56:21.172000Z,2022-11-23T18:58:15.196000Z,,2022-11-23T18:58:15.643778Z,115,CF8H6SE4,1481,"Yes, I am working from home every day. I always worked from home before COVID-19.",36,Female,White,United States,United States,United States,English,No,Part-Time
637e6cf95a9f8886f0809586,632478adebdcd9af1ad6de12,AWAITING REVIEW,2022-11-23T18:56:59.734000Z,2022-11-23T18:57:42.453000Z,,2022-11-23T18:57:42.783765Z,43,CF8H6SE4,409,"Yes, I am working from home every day. I rarely worked from home before COVID-19 (less than 1 day a week).",37,Male,White,United States,United States,United States,English,No,Full-Time
637e6d1c9af2ec35cec0d77a,6234790e93ccbf5fc88ad4fe,AWAITING REVIEW,2022-11-23T18:57:36.355000Z,2022-11-23T18:58:38.362000Z,,2022-11-23T18:58:38.841898Z,63,CF8H6SE4,1535,"Yes, I am working from home every day. I rarely worked from home before COVID-19 (less than 1 day a week).",52,Female,White,United States,United States,United States,English,No,Full-Time
637e6d21e5b0a4c9b0d82c6c,5c7e843f9c3fc00016f4e5a1,AWAITING REVIEW,2022-11-23T18:57:42.165000Z,2022-11-23T18:58:40.777000Z,,2022-11-23T18:58:41.153499Z,59,CF8H6SE4,2131,"Yes, I am working from home every day. I sometimes worked from home before COVID-19 (1 day a week or more).",36,Male,White,United States,United States,United States,English,No,Full-Time
637e6d2a910f1cb8f3bdc978,6106bad588d258f0bdce42c9,AWAITING REVIEW,2022-11-23T18:57:48.752000Z,2022-11-23T18:58:45.031000Z,,2022-11-23T18:58:45.401282Z,57,CF8H6SE4,1860,"Yes, I am working from home every day. I rarely worked from home before COVID-19 (less than 1 day a week).",23,Female,White,United States,United States,United States,English,No,Full-Time
637e6d2b2ac2f1ba225327b7,5dc1ce524d2b6613ad855676,AWAITING REVIEW,2022-11-23T18:57:51.086000Z,2022-11-23T18:59:02.890000Z,,2022-11-23T18:59:03.209696Z,72,CF8H6SE4,1875,"Yes, I am sometimes working from home, but still commuting to my workplace on other days.",41,Female,White,United States,United States,United States,English,No,Full-Time
637e6d3d72642f7c5e910c60,58f3760092ac81000154f8af,AWAITING REVIEW,2022-11-23T18:58:09.087000Z,2022-11-23T18:59:01.538000Z,,2022-11-23T18:59:01.857660Z,53,CF8H6SE4,4597,"Yes, I am working from home every day. I rarely worked from home before COVID-19 (less than 1 day a week).",30,Male,Asian,United States,United States,United States,English,No,Full-Time
637e6d4a0915501d8bb37836,5fa2050042e91e3c2bae0ec2,AWAITING REVIEW,2022-11-23T18:58:21.036000Z,2022-11-23T19:00:36.890000Z,,2022-11-23T19:00:37.287251Z,136,CF8H6SE4,3478,"Yes, I am sometimes working from home, but still commuting to my workplace on other days.",31,Male,White,United States,United States,United States,English,No,Full-Time
637e6d4be996b603a44e425a,5d05767056e71d001863ef54,AWAITING REVIEW,2022-11-23T18:58:22.067000Z,2022-11-23T18:59:34.815000Z,,2022-11-23T18:59:35.671330Z,73,CF8H6SE4,1272,"Yes, I am working from home every day. I rarely worked from home before COVID-19 (less than 1 day a week).",34,Female,White,United States,United States,United States,English,Yes,Full-Time
637e6d4c7859542596619066,611ff6cc935b6de3fff0b896,AWAITING REVIEW,2022-11-23T18:58:22.297000Z,2022-11-23T18:59:54.057000Z,,2022-11-23T18:59:54.470350Z,92,CF8H6SE4,2402,"Yes, I am working from home every day. I rarely worked from home before COVID-19 (less than 1 day a week).",29,Female,White,United States,United States,United States,English,No,Full-Time
637e6d6f9a06764b62c0d73e,5e5c9623d3e2d3475fea5cff,AWAITING REVIEW,2022-11-23T18:58:58.612000Z,2022-11-23T19:00:30.672000Z,,2022-11-23T19:00:31.009182Z,93,CF8H6SE4,3766,"Yes, I am sometimes working from home, but still commuting to my workplace on other days.",49,Male,White,United States,United States,United States,English,No,Full-Time
637e6d7a88de9c19e8e37a82,604243ad9743df09e0f72587,AWAITING REVIEW,2022-11-23T18:59:08.988000Z,2022-11-23T19:01:30.642000Z,,2022-11-23T19:01:31.127830Z,142,CF8H6SE4,534,"Yes, I am sometimes working from home, but still commuting to my workplace on other days.",34,Male,White,United States,United States,United States,English,No,Full-Time
637e6d84cfece319384d4cfe,5c57631a47a04100010da795,AWAITING REVIEW,2022-11-23T18:59:19.129000Z,2022-11-23T19:00:22.627000Z,,2022-11-23T19:00:23.417070Z,64,CF8H6SE4,3529,"Yes, I am sometimes working from home, but still commuting to my workplace on other days.",34,Male,White,United States,United States,United States,English,No,Full-Time
637e6d99a705599b0c6fb179,5ad13714a010190001b35d66,AWAITING REVIEW,2022-11-23T18:59:40.057000Z,2022-11-23T19:00:42.530000Z,,2022-11-23T19:00:42.947271Z,63,CF8H6SE4,1078,"Yes, I am working from home every day. I rarely worked from home before COVID-19 (less than 1 day a week).",43,Female,White,United States,United States,United States,English,Yes,Full-Time
637e6da1115129c7b39b9ca6,56333f762840d2000a22e4a3,AWAITING REVIEW,2022-11-23T18:59:49.814000Z,2022-11-23T19:01:04.052000Z,,2022-11-23T19:01:04.515349Z,75,CF8H6SE4,3117,"Yes, I am working from home every day. I sometimes worked from home before COVID-19 (1 day a week or more).",33,Female,White,United States,United States,United States,English,No,Full-Time
637e6da363ddb59caad9e1cc,5d05417d1a34960016e7457a,AWAITING REVIEW,2022-11-23T18:59:51.421000Z,2022-11-23T19:00:43.506000Z,,2022-11-23T19:00:43.888880Z,53,CF8H6SE4,2395,"Yes, I am working from home every day. I rarely worked from home before COVID-19 (less than 1 day a week).",35,Female,White,United States,United States,United States,English,No,Full-Time
637e6da5dee32179b622ea66,5e6982499d7ba9245e58262a,AWAITING REVIEW,2022-11-23T18:59:53.172000Z,2022-11-23T19:01:37.218000Z,,2022-11-23T19:01:37.730432Z,105,CF8H6SE4,1276,"Yes, I am working from home every day. I rarely worked from home before COVID-19 (less than 1 day a week).",42,Male,White,United States,United States,United States,English,Yes,Full-Time
637e6da8ca8928621cbab69e,5dcefcd0307b8d05031d7264,AWAITING REVIEW,2022-11-23T18:59:54.695000Z,2022-11-23T19:03:06.700000Z,,2022-11-23T19:03:07.235416Z,193,CF8H6SE4,4536,"Yes, I am working from home every day. I always worked from home before COVID-19.",31,Male,White,United States,United States,United States,English,No,Full-Time
637e6dc0a20f9c67ced82c98,5d548912e1c7130018e019dc,AWAITING REVIEW,2022-11-23T19:00:19.150000Z,2022-11-23T19:01:25.147000Z,,2022-11-23T19:01:25.517506Z,66,CF8H6SE4,4173,"Yes, I am working from home every day. I sometimes worked from home before COVID-19 (1 day a week or more).",39,Male,White,United States,United States,United States,English,No,Full-Time
637e6dd61a8a9f3bc78095f9,5e176b2163c7a407ce2f02a1,AWAITING REVIEW,2022-11-23T19:00:42.073000Z,2022-11-23T19:01:51.906000Z,,2022-11-23T19:01:52.656069Z,70,CF8H6SE4,3569,"Yes, I am working from home every day. I always worked from home before COVID-19.",53,Female,White,United States,United States,United States,English,No,Part-Time
637e6dd855540883ef9b9c93,5ae11f9709eae20001132c22,AWAITING REVIEW,2022-11-23T19:00:41.948000Z,2022-11-23T19:01:36.360000Z,,2022-11-23T19:01:39.029468Z,55,CF8H6SE4,4375,"Yes, I am sometimes working from home, but still commuting to my workplace on other days.",36,Male,White,United States,United States,United States,English,No,Full-Time
637e6de164879e8887917964,5aeeb4903c80f200013af2ed,AWAITING REVIEW,2022-11-23T19:00:51.944000Z,2022-11-23T19:01:39.443000Z,,2022-11-23T19:01:41.635415Z,48,CF8H6SE4,4475,"Yes, I am working from home every day. I sometimes worked from home before COVID-19 (1 day a week or more).",34,Male,White,United States,United States,United States,English,No,Full-Time
637e6de81d40704b12233f4e,55a06b7afdf99b26ce7c5582,AWAITING REVIEW,2022-11-23T19:00:59.369000Z,2022-11-23T19:01:59.832000Z,,2022-11-23T19:02:02.598432Z,61,CF8H6SE4,1086,"Yes, I am working from home every day. I always worked from home before COVID-19.",38,Female,White,United States,United States,United States,English,No,Full-Time
637e6dea4b79c622fd7e8d27,5da9fec949bab300155afb7f,AWAITING REVIEW,2022-11-23T19:01:00.567000Z,2022-11-23T19:02:06.269000Z,,2022-11-23T19:02:09.165835Z,66,CF8H6SE4,2469,"Yes, I am working from home every day. I always worked from home before COVID-19.",48,Female,White,United States,United States,United States,English,No,Full-Time
637e6df5c2bdaea123c0d705,62838cdc775f6094ddf0664b,AWAITING REVIEW,2022-11-23T19:01:12.499000Z,2022-11-23T19:01:52.392000Z,,2022-11-23T19:01:54.716529Z,40,CF8H6SE4,536,"Yes, I am working from home every day. I rarely worked from home before COVID-19 (less than 1 day a week).",35,Male,White,United States,United States,United States,English,No,Full-Time
637e6e1bef3db28d818bd2c9,6272ae90bcc3709d723d1d2b,AWAITING REVIEW,2022-11-23T19:01:53.824000Z,2022-11-23T19:03:37.129000Z,,2022-11-23T19:03:37.491332Z,104,CF8H6SE4,1418,"Yes, I am working from home every day. I rarely worked from home before COVID-19 (less than 1 day a week).",58,Female,White,United States,United States,United States,English,No,Part-Time
637e6e27de9fa7a5ae8ff29d,6091b418d1cddb4526a44543,AWAITING REVIEW,2022-11-23T19:02:03.666000Z,2022-11-23T19:03:55.583000Z,,2022-11-23T19:03:55.960058Z,112,CF8H6SE4,2419,"Yes, I am working from home every day. I rarely worked from home before COVID-19 (less than 1 day a week).",56,Female,White,Germany,United States,United States,English,No,Full-Time
637e6e323198f1db0fd82c69,5b894987e79bf50001e1ff95,AWAITING REVIEW,2022-11-23T19:02:20.088000Z,2022-11-23T19:10:46.263000Z,,2022-11-23T19:10:46.606682Z,507,CF8H6SE4,1944,"Yes, I am working from home every day. I sometimes worked from home before COVID-19 (1 day a week or more).",50,Female,White,United States,United States,United States,English,No,Full-Time
637e6e5af8a8a59acc16329a,5fb0a3d6a8e4224b973e750b,AWAITING REVIEW,2022-11-23T19:02:55.075000Z,2022-11-23T19:10:24.241000Z,,2022-11-23T19:10:24.866051Z,450,CF8H6SE4,1825,"Yes, I am working from home every day. I always worked from home before COVID-19.",24,Male,White,United States,United States,United States,English,No,Part-Time
637e6e63d40b531f4bacd63c,60789e0374c40003064855c1,AWAITING REVIEW,2022-11-23T19:03:05.645000Z,2022-11-23T19:04:24.510000Z,,2022-11-23T19:04:24.857135Z,79,CF8H6SE4,1456,"Yes, I am sometimes working from home, but still commuting to my workplace on other days.",45,Female,White,United States,United States,United States,English,No,Full-Time
637e6e6d418affc7e7b37833,631bf96cdf83ffb8f4a7fab8,AWAITING REVIEW,2022-11-23T19:03:55.692000Z,2022-11-23T19:04:52.885000Z,,2022-11-23T19:04:53.268236Z,58,CF8H6SE4,348,"Yes, I am working from home every day. I rarely worked from home before COVID-19 (less than 1 day a week).",22,Male,Black,United States,United States,United States,English,Yes,Part-Time
637e6e76d454b8a5d74f3478,6068f6b46ca5311c045943f9,AWAITING REVIEW,2022-11-23T19:03:22.978000Z,2022-11-23T19:04:38.150000Z,,2022-11-23T19:04:38.539357Z,76,CF8H6SE4,612,"Yes, I am working from home every day. I rarely worked from home before COVID-19 (less than 1 day a week).",32,Female,Black,United States,United States,United States,English,No,Part-Time
637e6e8daef37c98ecc0d72c,58ac91c38bf22a00015b91b3,AWAITING REVIEW,2022-11-23T19:03:44.164000Z,2022-11-23T19:05:07.445000Z,,2022-11-23T19:05:07.809095Z,84,CF8H6SE4,3656,"Yes, I am working from home every day. I always worked from home before COVID-19.",55,Male,White,United States,United States,United States,English,No,Part-Time
637e6e908218ec1b13969bef,5de32329b5bed7350391666c,AWAITING REVIEW,2022-11-23T19:03:47.788000Z,2022-11-23T19:05:29.732000Z,,2022-11-23T19:05:30.047258Z,102,CF8H6SE4,2256,"Yes, I am sometimes working from home, but still commuting to my workplace on other days.",31,Male,White,United States,United States,United States,English,No,Full-Time
637e6ec51f81c26497e37a8e,6010d8a55ccbc64789fcbd03,AWAITING REVIEW,2022-11-23T19:04:40.966000Z,2022-11-23T19:05:57.563000Z,,2022-11-23T19:05:57.950302Z,77,CF8H6SE4,1381,"Yes, I am working from home every day. I always worked from home before COVID-19.",33,Male,White,United States,United States,United States,English,No,Part-Time
637e6ec8a14128028a9b9ca0,6056962634a5230dacdb63fc,AWAITING REVIEW,2022-11-23T19:04:51.292000Z,2022-11-23T19:06:56.500000Z,,2022-11-23T19:06:56.964290Z,126,CF8H6SE4,2291,"Yes, I am sometimes working from home, but still commuting to my workplace on other days.",62,Male,White,United States,United States,United States,English,No,Part-Time
637e6ec98fb635db1522ea6d,5d48fcc5643eb80001fb43fa,AWAITING REVIEW,2022-11-23T19:04:43.373000Z,2022-11-23T19:05:48.242000Z,,2022-11-23T19:05:48.621952Z,65,CF8H6SE4,3635,"Yes, I am sometimes working from home, but still commuting to my workplace on other days.",29,Male,White,United States,United States,United States,English,No,Full-Time
637e6ee79b5c6e193ef7e0ce,5d094021c79e5a001a796b43,AWAITING REVIEW,2022-11-23T19:05:14.198000Z,2022-11-23T19:08:58.121000Z,,2022-11-23T19:08:58.465041Z,224,CF8H6SE4,4574,"Yes, I am sometimes working from home, but still commuting to my workplace on other days.",37,Male,Mixed,United States,United States,United States,English,No,Full-Time
637e6f04841b1fdfd016327a,5f4f12010c816616c12ab29d,AWAITING REVIEW,2022-11-23T19:05:43.485000Z,2022-11-23T19:06:51.926000Z,,2022-11-23T19:06:52.427482Z,69,CF8H6SE4,3113,"Yes, I am working from home every day. I sometimes worked from home before COVID-19 (1 day a week or more).",31,Male,White,United States,United States,United States,English,No,Full-Time
637e6f1064879e8887917988,6319700023a7933cecc08b06,AWAITING REVIEW,2022-11-23T19:05:55.742000Z,2022-11-23T19:07:00.040000Z,,2022-11-23T19:07:00.491476Z,65,CF8H6SE4,418,"Yes, I am sometimes working from home, but still commuting to my workplace on other days.",30,Male,White,United States,United States,United States,English,No,Full-Time
637e6f11572c8ab57861902d,5e7027c5a2522d000bddb8f3,AWAITING REVIEW,2022-11-23T19:05:57.502000Z,2022-11-23T19:07:01.909000Z,,2022-11-23T19:07:02.350023Z,65,CF8H6SE4,4164,"Yes, I am sometimes working from home, but still commuting to my workplace on other days.",30,Male,White,United States,United States,United States,English,Yes,Part-Time
637e6f120d102cbe5773cfc8,5e23b44828b7b6649cc848c1,AWAITING REVIEW,2022-11-23T19:05:56.495000Z,2022-11-23T19:06:36.601000Z,,2022-11-23T19:06:37.050911Z,41,CF8H6SE4,1094,"Yes, I am sometimes working from home, but still commuting to my workplace on other days.",23,Male,White,United States,United States,United States,English,No,Full-Time
637e6f2147075407fd459fca,5fc521555cd05b000cfe0998,AWAITING REVIEW,2022-11-23T19:06:11.339000Z,2022-11-23T19:06:59.814000Z,,2022-11-23T19:07:00.218703Z,49,CF8H6SE4,2268,"Yes, I am working from home every day. I sometimes worked from home before COVID-19 (1 day a week or more).",33,Female,White,United States,United States,United States,English,No,Part-Time
637e6f2d16e296210ec1c95d,5d226b35d75330001c7a3d95,AWAITING REVIEW,2022-11-23T19:06:24.255000Z,2022-11-23T19:07:31.143000Z,,2022-11-23T19:07:31.544858Z,67,CF8H6SE4,2463,"Yes, I am working from home every day. I rarely worked from home before COVID-19 (less than 1 day a week).",39,Male,White,United States,United States,United States,English,No,Full-Time
637e6f2f600d2aabdde37a98,63324d2a4e2f02e22d86bbb2,AWAITING REVIEW,2022-11-23T19:06:26.354000Z,2022-11-23T19:07:54.018000Z,,2022-11-23T19:07:54.428943Z,88,CF8H6SE4,144,"Yes, I am sometimes working from home, but still commuting to my workplace on other days.",61,Female,White,United States,United States,United States,English,No,Full-Time
637e6f355519230bd9a658b3,61522d0491dd847aa72155ed,AWAITING REVIEW,2022-11-23T19:06:33.078000Z,2022-11-23T19:07:59.419000Z,,2022-11-23T19:07:59.786643Z,87,CF8H6SE4,1399,"Yes, I am working from home every day. I rarely worked from home before COVID-19 (less than 1 day a week).",32,Male,White,United States,United States,United States,English,No,Full-Time
637e6f3bfe4cbb3ad77229d2,58c518d7b101a70001293900,AWAITING REVIEW,2022-11-23T19:06:35.382000Z,2022-11-23T19:07:20.434000Z,,2022-11-23T19:07:20.762406Z,46,CF8H6SE4,562,"Yes, I am working from home every day. I sometimes worked from home before COVID-19 (1 day a week or more).",39,Male,Mixed,United States,United States,United States,English,No,Full-Time
637e6f4a93f83a6c1bbdc989,6154c1748e0de2c3afdab62c,AWAITING REVIEW,2022-11-23T19:06:54.040000Z,2022-11-23T19:08:26.902000Z,,2022-11-23T19:08:27.268299Z,93,CF8H6SE4,742,"Yes, I am working from home every day. I always worked from home before COVID-19.",35,Male,White,United States,United States,United States,English,No,Part-Time
637e6f7bfc5a821ce8459fd7,56f2319af2df32000d8fb1a4,AWAITING REVIEW,2022-11-23T19:07:42.273000Z,2022-11-23T19:08:53.311000Z,,2022-11-23T19:08:53.704309Z,72,CF8H6SE4,3041,"Yes, I am working from home every day. I always worked from home before COVID-19.",29,Male,White,United States,United States,United States,English,No,Full-Time
637e6f7fd725766987d04976,5e45db9c36b2e20888a64f5f,AWAITING REVIEW,2022-11-23T19:07:46.453000Z,2022-11-23T19:08:56.893000Z,,2022-11-23T19:08:57.271134Z,71,CF8H6SE4,854,"Yes, I am sometimes working from home, but still commuting to my workplace on other days.",42,Male,White,United States,United States,United States,English,No,Unemployed (and job seeking)
637e6f8e5c213bb057d9e199,631813267e7e782d6759550b,AWAITING REVIEW,2022-11-23T19:08:00.539000Z,2022-11-23T19:08:41.558000Z,,2022-11-23T19:08:42.019096Z,42,CF8H6SE4,244,"Yes, I am working from home every day. I always worked from home before COVID-19.",26,Male,White,United States,United States,United States,English,No,Part-Time
637e6f9847e6827912c22f2d,63625293f294f7d242d70c10,AWAITING REVIEW,2022-11-23T19:08:17.693000Z,2022-11-23T19:11:25.564000Z,,2022-11-23T19:11:26.124988Z,188,CF8H6SE4,125,"Yes, I am working from home every day. I sometimes worked from home before COVID-19 (1 day a week or more).",67,Male,White,DATA_EXPIRED,United States,United States,English,DATA_EXPIRED,Part-Time
637e6f9ef16962ee45b325f2,5ade0203066c510001d42abf,AWAITING REVIEW,2022-11-23T19:08:14.036000Z,2022-11-23T19:09:05.036000Z,,2022-11-23T19:09:05.368192Z,51,CF8H6SE4,3198,"Yes, I am sometimes working from home, but still commuting to my workplace on other days.",41,Male,White,United States,United States,United States,English,No,Full-Time
637e6fa6572c8ab578619037,60660870280f2b522cc3214b,AWAITING REVIEW,2022-11-23T19:08:25.682000Z,2022-11-23T19:10:10.090000Z,,2022-11-23T19:10:10.506843Z,105,CF8H6SE4,567,"Yes, I am sometimes working from home, but still commuting to my workplace on other days.",23,Male,Asian,United States,United States,United States,English,No,Full-Time
637e6fad2da1f6ecab030c39,630cdc7407755279459f65cc,AWAITING REVIEW,2022-11-23T19:08:29.923000Z,2022-11-23T19:09:46.509000Z,,2022-11-23T19:09:47.130688Z,77,CF8H6SE4,346,"Yes, I am working from home every day. I always worked from home before COVID-19.",30,Male,Other,United States,United States,United States,English,No,Part-Time
637e6faec4fe768e1569f508,55e7c36c41988f001275d752,AWAITING REVIEW,2022-11-23T19:08:30.664000Z,2022-11-23T19:09:50.452000Z,,2022-11-23T19:09:50.908164Z,80,CF8H6SE4,750,"Yes, I am sometimes working from home, but still commuting to my workplace on other days.",54,Female,White,United States,United States,United States,English,No,Full-Time
637e6fb57d0eb436d0625f51,5f21dc69e337a642249401af,AWAITING REVIEW,2022-11-23T19:08:41.495000Z,2022-11-23T19:09:54.726000Z,,2022-11-23T19:09:55.215619Z,74,CF8H6SE4,1419,"Yes, I am sometimes working from home, but still commuting to my workplace on other days.",36,Female,White,United States,United States,United States,English,Yes,Full-Time
637e6fc2f5219cecb5a5532c,5de8918e93203f7fb20ce304,AWAITING REVIEW,2022-11-23T19:08:54.056000Z,2022-11-23T19:12:01.226000Z,,2022-11-23T19:12:01.616508Z,188,CF8H6SE4,1355,"Yes, I am sometimes working from home, but still commuting to my workplace on other days.",46,Female,White,United States,United States,United States,English,DATA_EXPIRED,Full-Time
637e6fdfcaa93b8be653040d,5ffc9218eb4ab30bbeb6c301,AWAITING REVIEW,2022-11-23T19:09:21.852000Z,2022-11-23T19:10:22.529000Z,,2022-11-23T19:10:22.913268Z,61,CF8H6SE4,846,"Yes, I am working from home every day. I rarely worked from home before COVID-19 (less than 1 day a week).",28,Male,White,United States,United States,United States,English,No,Part-Time
637e6fe089eb0124c822ea18,5f24b0fc546c5a0c3c2e43b6,AWAITING REVIEW,2022-11-23T19:09:23.576000Z,2022-11-23T19:10:49.536000Z,,2022-11-23T19:10:50.121777Z,86,CF8H6SE4,1914,"Yes, I am working from home every day. I rarely worked from home before COVID-19 (less than 1 day a week).",39,Female,White,United States,United States,United States,English,No,Full-Time
637e6fe32da3f1446bf7e08d,569298838d93fe000dfa033c,AWAITING REVIEW,2022-11-23T19:09:28.208000Z,2022-11-23T19:10:52.464000Z,,2022-11-23T19:10:53.244461Z,85,CF8H6SE4,4472,"Yes, I am working from home every day. I sometimes worked from home before COVID-19 (1 day a week or more).",71,Female,White,United States,United States,United States,English,No,Part-Time
637e6ff7016bb4a84b428a11,62ef8372cd41d2893d237b6b,AWAITING REVIEW,2022-11-23T19:09:46.363000Z,2022-11-23T19:10:50.362000Z,,2022-11-23T19:10:50.822825Z,64,CF8H6SE4,635,"Yes, I am working from home every day. I rarely worked from home before COVID-19 (less than 1 day a week).",25,Male,Mixed,United States,United States,United States,English,Yes,Full-Time
637e7001fcf6c36b1a16328d,610992345dff3a5180a13714,AWAITING REVIEW,2022-11-23T19:09:55.787000Z,2022-11-23T19:11:48.637000Z,,2022-11-23T19:11:49.036473Z,113,CF8H6SE4,1898,"Yes, I am working from home every day. I rarely worked from home before COVID-19 (less than 1 day a week).",24,Female,Asian,United States,United States,United States,Vietnamese,No,Full-Time
637e7002f8a8a59acc1632d6,62bdad093f129a724c4dd7b2,AWAITING REVIEW,2022-11-23T19:09:54.546000Z,2022-11-23T19:20:24.082000Z,,2022-11-23T19:20:25.899023Z,630,CF8H6SE4,733,"Yes, I am working from home every day. I rarely worked from home before COVID-19 (less than 1 day a week).",30,Male,White,United States,United States,United States,English,No,Full-Time
637e7008caa93b8be6530412,6005c0af8593c40dcad4aecf,AWAITING REVIEW,2022-11-23T19:10:02.895000Z,2022-11-23T19:13:05.909000Z,,2022-11-23T19:13:06.476435Z,184,CF8H6SE4,1559,"Yes, I am sometimes working from home, but still commuting to my workplace on other days.",30,Female,Black,United States,United States,United States,English,No,Full-Time
637e700d3a6dbecd8fc1c998,5bf8f34abdd6400001bd5e66,AWAITING REVIEW,2022-11-23T19:10:15.886000Z,2022-11-23T19:13:05.197000Z,,2022-11-23T19:13:05.553075Z,170,CF8H6SE4,3548,"Yes, I am sometimes working from home, but still commuting to my workplace on other days.",63,Male,White,United States,United States,United States,English,No,Full-Time
637e701d346f34056e73cfde,5ac440da9534ba0001c736da,AWAITING REVIEW,2022-11-23T19:10:27.332000Z,2022-11-23T19:11:42.457000Z,,2022-11-23T19:11:42.876187Z,76,CF8H6SE4,3758,"Yes, I am sometimes working from home, but still commuting to my workplace on other days.",41,Male,White,United States,United States,United States,English,No,Full-Time
637e701e185054e970030bf6,5c660497076e4e0001290b6c,AWAITING REVIEW,2022-11-23T19:10:24.316000Z,2022-11-23T19:12:22.686000Z,,2022-11-23T19:12:23.101523Z,119,CF8H6SE4,3632,"Yes, I am working from home every day. I always worked from home before COVID-19.",40,Male,White,United States,United States,United States,English,No,Full-Time
637e7023c4fe768e1569f519,55aeb059fdf99b5dac7fa5f5,AWAITING REVIEW,2022-11-23T19:10:29.448000Z,2022-11-23T19:11:37.589000Z,,2022-11-23T19:11:39.562393Z,69,CF8H6SE4,3543,"Yes, I am sometimes working from home, but still commuting to my workplace on other days.",35,Male,Black,United States,United States,United States,English,No,Full-Time
637e702d37f2405e7d047ee5,60a7c4434b322876925afaa3,AWAITING REVIEW,2022-11-23T19:10:43.681000Z,2022-11-23T19:13:24.762000Z,,2022-11-23T19:13:25.283230Z,162,CF8H6SE4,2381,"Yes, I am working from home every day. I always worked from home before COVID-19.",73,Female,White,United States,United States,United States,English,No,Part-Time
637e702e507318e5ea969bf7,5f9b6cc0e01ad13902b38f60,AWAITING REVIEW,2022-11-23T19:11:06.758000Z,2022-11-23T19:12:04.874000Z,,2022-11-23T19:12:05.247234Z,59,CF8H6SE4,2963,"Yes, I am sometimes working from home, but still commuting to my workplace on other days.",56,Male,White,United States,United States,United States,English,No,Full-Time
637e7064ce9aa6490922ea2b,599314b360937e0001899338,AWAITING REVIEW,2022-11-23T19:11:34.458000Z,2022-11-23T19:13:00.282000Z,,2022-11-23T19:13:00.642850Z,86,CF8H6SE4,4468,"Yes, I am working from home every day. I always worked from home before COVID-19.",29,Male,White,United States,United States,United States,English,No,Full-Time
637e706c96be9bcb16619005,610d6c481ca4797b863fe3d1,AWAITING REVIEW,2022-11-23T19:11:40.458000Z,2022-11-23T19:13:19.117000Z,,2022-11-23T19:13:19.477014Z,99,CF8H6SE4,2420,"Yes, I am working from home every day. I always worked from home before COVID-19.",72,Male,White,United States,United States,United States,English,No,Full-Time
637e706f3123ab934a2f500c,5dee44454d7bea4e3f4b44a6,AWAITING REVIEW,2022-11-23T19:11:47.683000Z,2022-11-23T19:12:55.491000Z,,2022-11-23T19:12:56.010322Z,68,CF8H6SE4,2990,"Yes, I am sometimes working from home, but still commuting to my workplace on other days.",35,Female,White,United States,United States,United States,English,No,Full-Time
637e707cc957d077e5075bf6,5eaf1a2c649fd108284c2b5f,AWAITING REVIEW,2022-11-23T19:11:56.425000Z,2022-11-23T19:12:53.420000Z,,2022-11-23T19:12:53.760018Z,57,CF8H6SE4,3859,"Yes, I am working from home every day. I always worked from home before COVID-19.",47,Female,White,United States,United States,United States,English,No,Full-Time
637e7085aae43cb006b3783d,5dd86784dcec8782b85cb5bb,AWAITING REVIEW,2022-11-23T19:12:11.653000Z,2022-11-23T19:14:11.965000Z,,2022-11-23T19:14:12.349862Z,121,CF8H6SE4,3919,"Yes, I am working from home every day. I rarely worked from home before COVID-19 (less than 1 day a week).",56,Male,White,United States,United States,United States,English,No,Full-Time
637e70865fde66c437910ca5,5c32a83424d16c00015b3779,AWAITING REVIEW,2022-11-23T19:12:08.191000Z,2022-11-23T19:13:06.692000Z,,2022-11-23T19:13:07.016823Z,59,CF8H6SE4,487,"Yes, I am working from home every day. I rarely worked from home before COVID-19 (less than 1 day a week).",24,Male,White,United States,United States,United States,English,No,Full-Time
637e70a791d7e8d8f7910c84,5cdae588cc071e001a1cbbf0,AWAITING REVIEW,2022-11-23T19:12:41.948000Z,2022-11-23T19:14:25.517000Z,,2022-11-23T19:14:25.935479Z,104,CF8H6SE4,1151,"Yes, I am sometimes working from home, but still commuting to my workplace on other days.",27,Male,White,United States,United States,United States,English,Yes,Full-Time
637e70b3adc77b29567e8d2b,600c167e28de48080e812884,AWAITING REVIEW,2022-11-23T19:12:56.357000Z,2022-11-23T19:15:00.284000Z,,2022-11-23T19:15:00.696507Z,124,CF8H6SE4,2789,"Yes, I am sometimes working from home, but still commuting to my workplace on other days.",56,Male,White,United States,United States,United States,English,No,Full-Time
637e70b916ed357afca6586f,62e0532289a4e5d9fedadde1,AWAITING REVIEW,2022-11-23T19:13:00.207000Z,2022-11-23T19:14:43.968000Z,,2022-11-23T19:14:44.371597Z,104,CF8H6SE4,715,"Yes, I am working from home every day. I rarely worked from home before COVID-19 (less than 1 day a week).",40,Male,White,United States,United States,United States,English,No,Part-Time
637e70bb600d2aabdde37ad0,636170aa8140956fdb365473,AWAITING REVIEW,2022-11-23T19:13:03.675000Z,2022-11-23T19:14:45.588000Z,,2022-11-23T19:14:46.468594Z,102,CF8H6SE4,179,"Yes, I am working from home every day. I rarely worked from home before COVID-19 (less than 1 day a week).",46,Male,Mixed,United States,United States,United States,English,No,Full-Time
637e70bfc69300a0c853280d,56849d528f456f000c45e1dd,AWAITING REVIEW,2022-11-23T19:13:06.507000Z,2022-11-23T19:14:35.562000Z,,2022-11-23T19:14:36.190913Z,90,CF8H6SE4,2996,"Yes, I am working from home every day. I sometimes worked from home before COVID-19 (1 day a week or more).",35,Female,Black,United States,United States,United States,English,No,Full-Time
637e70c1ec35bf50b7075c77,5fc107b696c1250962897bcb,AWAITING REVIEW,2022-11-23T19:13:09.832000Z,2022-11-23T19:14:18.320000Z,,2022-11-23T19:14:18.780833Z,69,CF8H6SE4,886,"Yes, I am working from home every day. I always worked from home before COVID-19.",47,Female,White,United States,United States,United States,English,No,Part-Time
637e70d3eeb7ae37e6f7e09e,6019f3085362081f007bc83f,AWAITING REVIEW,2022-11-23T19:13:28.466000Z,2022-11-23T19:14:24.262000Z,,2022-11-23T19:14:25.041390Z,56,CF8H6SE4,3295,"Yes, I am working from home every day. I always worked from home before COVID-19.",37,Male,White,United States,United States,United States,English,No,Full-Time
637e70dab3e0fc6aab507d6c,62b0ca0d059c8bfc4c19c68e,AWAITING REVIEW,2022-11-23T19:13:36.710000Z,2022-11-23T19:18:10.203000Z,,2022-11-23T19:18:10.753874Z,274,CF8H6SE4,907,"Yes, I am working from home every day. I always worked from home before COVID-19.",29,Male,White,United States,United States,United States,English,Yes,Full-Time
637e70e9441cbfe246a552f5,61670b499c1bc22ba3a7b588,AWAITING REVIEW,2022-11-23T19:13:49.184000Z,2022-11-23T19:15:19.969000Z,,2022-11-23T19:15:20.407962Z,91,CF8H6SE4,583,"Yes, I am working from home every day. I always worked from home before COVID-19.",46,Male,White,United States,United States,United States,English,No,Full-Time
637e70f7b66ba36f1391798d,59baa339ab8d830001fe56f5,AWAITING REVIEW,2022-11-23T19:14:05.043000Z,2022-11-23T19:36:19.777000Z,,2022-11-23T19:36:20.862093Z,1335,CF8H6SE4,338,"Yes, I am sometimes working from home, but still commuting to my workplace on other days.",38,Male,White,United States,United States,United States,English,No,Full-Time
637e710273e9d5f62b22e9f3,5fc2a0d812bc59000b746ee5,AWAITING REVIEW,2022-11-23T19:14:13.193000Z,2022-11-23T19:16:09.222000Z,,2022-11-23T19:16:09.588692Z,117,CF8H6SE4,2310,"Yes, I am sometimes working from home, but still commuting to my workplace on other days.",30,Male,White,United States,United States,United States,English,No,Part-Time
637e71058218ec1b13969c47,5c27e76978fad500019328cc,AWAITING REVIEW,2022-11-23T19:14:16.548000Z,2022-11-23T19:15:09.695000Z,,2022-11-23T19:15:10.098875Z,54,CF8H6SE4,4251,"Yes, I am working from home every day. I rarely worked from home before COVID-19 (less than 1 day a week).",38,Male,White,United States,United States,United States,English,No,Full-Time
637e710f47a72ef68dfbc378,62e2deadd18974300540f870,AWAITING REVIEW,2022-11-23T19:14:27.189000Z,2022-11-23T19:16:00.894000Z,,2022-11-23T19:16:01.303305Z,94,CF8H6SE4,329,"Yes, I am sometimes working from home, but still commuting to my workplace on other days.",37,Male,White,United States,United States,United States,English,No,Full-Time
637e71203123ab934a2f502d,5eb881c34d347b0b1acfbd05,AWAITING REVIEW,2022-11-23T19:14:42.538000Z,2022-11-23T19:22:57.931000Z,,2022-11-23T19:22:58.347411Z,496,CF8H6SE4,469,"Yes, I am sometimes working from home, but still commuting to my workplace on other days.",34,Male,White,United States,United States,United States,English,No,Full-Time
637e71297c6432d27869f4dc,62c55b19972274a6876f7627,AWAITING REVIEW,2022-11-23T19:14:51.891000Z,2022-11-23T19:15:42.847000Z,,2022-11-23T19:15:43.251665Z,51,CF8H6SE4,854,"Yes, I am working from home every day. I sometimes worked from home before COVID-19 (1 day a week or more).",30,Male,White,United States,United States,United States,English,No,Full-Time
637e712ffe4cbb3ad7722a19,5ced23c585712e00190bd98a,AWAITING REVIEW,2022-11-23T19:14:55.365000Z,2022-11-23T19:15:59.548000Z,,2022-11-23T19:15:59.899170Z,65,CF8H6SE4,3411,"Yes, I am working from home every day. I rarely worked from home before COVID-19 (less than 1 day a week).",41,Male,White,United States,United States,United States,English,No,Full-Time
637e71325c213bb057d9e1c2,5c1199258b095d00015cf0ec,RETURNED,2022-11-23T19:18:06.827000Z,2022-11-23T19:18:36.932000Z,,2022-11-23T19:18:37.410000Z,,C1CN1HLR,3143,CONSENT_REVOKED,CONSENT_REVOKED,CONSENT_REVOKED,CONSENT_REVOKED,CONSENT_REVOKED,CONSENT_REVOKED,CONSENT_REVOKED,CONSENT_REVOKED,CONSENT_REVOKED,CONSENT_REVOKED
637e713a8ec01c0ac18095a8,5f1319143fdcd700091a41d4,AWAITING REVIEW,2022-11-23T19:15:09.274000Z,2022-11-23T19:16:32.924000Z,,2022-11-23T19:16:33.383444Z,84,CF8H6SE4,3512,"Yes, I am sometimes working from home, but still commuting to my workplace on other days.",33,Female,White,United States,United States,United States,English,No,Full-Time
637e713b4efb77f494233f31,5d0ac7504d57690017a355ef,AWAITING REVIEW,2022-11-23T19:15:08.973000Z,2022-11-23T19:17:17.299000Z,,2022-11-23T19:17:17.766381Z,129,CF8H6SE4,1984,"Yes, I am sometimes working from home, but still commuting to my workplace on other days.",38,Male,White,United States,United States,United States,English,No,Full-Time
637e71493123ab934a2f5033,5ed559e5afbd830e2117ed55,AWAITING REVIEW,2022-11-23T19:15:23.394000Z,2022-11-23T19:16:23.430000Z,,2022-11-23T19:16:23.773031Z,61,CF8H6SE4,3701,"Yes, I am working from home every day. I rarely worked from home before COVID-19 (less than 1 day a week).",61,Male,White,United States,United States,United States,English,No,Full-Time
637e715730aef1ae3db37827,5f68c976410f260322dc1747,AWAITING REVIEW,2022-11-23T19:15:38.020000Z,2022-11-23T19:16:34.391000Z,,2022-11-23T19:16:34.844067Z,57,CF8H6SE4,2190,"Yes, I am sometimes working from home, but still commuting to my workplace on other days.",30,Male,White,United States,United States,United States,English,No,Full-Time
637e716c297852f35f8ff2a6,616829d7504e0346ff2b51df,AWAITING REVIEW,2022-11-23T19:15:59.079000Z,2022-11-23T19:17:19.747000Z,,2022-11-23T19:17:20.330143Z,81,CF8H6SE4,1839,"Yes, I am working from home every day. I rarely worked from home before COVID-19 (less than 1 day a week).",25,Female,White,United States,United States,United States,English,Yes,Full-Time
637e717b5d23590e86bab699,5c1b97f889f0350001726def,AWAITING REVIEW,2022-11-23T19:16:15.367000Z,2022-11-23T19:17:49.906000Z,,2022-11-23T19:17:50.366593Z,95,CF8H6SE4,2940,"Yes, I am working from home every day. I rarely worked from home before COVID-19 (less than 1 day a week).",60,Female,White,United States,United States,United States,English,No,Part-Time
637e717eed563641479b9c3b,5af835d8e19f8c00019e6dc0,AWAITING REVIEW,2022-11-23T19:16:20.420000Z,2022-11-23T19:17:50.679000Z,,2022-11-23T19:17:51.170515Z,91,CF8H6SE4,1846,"Yes, I am sometimes working from home, but still commuting to my workplace on other days.",39,Male,White,United States,United States,United States,English,No,Full-Time
637e718d185054e970030c21,62faba5f904642df812944fa,AWAITING REVIEW,2022-11-23T19:16:31.860000Z,2022-11-23T19:20:04.136000Z,,2022-11-23T19:20:04.798260Z,213,CF8H6SE4,535,"Yes, I am sometimes working from home, but still commuting to my workplace on other days.",67,Female,White,United States,United States,United States,English,No,Part-Time
637e71912581327f8b507d4d,5ae3a41d32ef52000131a531,AWAITING REVIEW,2022-11-23T19:16:36.711000Z,2022-11-23T19:17:24.853000Z,,2022-11-23T19:17:25.256850Z,49,CF8H6SE4,3025,"Yes, I am sometimes working from home, but still commuting to my workplace on other days.",24,Male,Black,United States,United States,United States,English,No,Full-Time
637e71933bfd58ce34f7e096,5edb6d2469290d00092100f8,AWAITING REVIEW,2022-11-23T19:16:39.296000Z,2022-11-23T19:18:06.532000Z,,2022-11-23T19:18:06.953165Z,88,CF8H6SE4,2225,"Yes, I am sometimes working from home, but still commuting to my workplace on other days.",47,Male,White,United States,United States,United States,English,No,Full-Time
637e719447075407fd45a041,6112f31f34628c8bc50e3aa7,AWAITING REVIEW,2022-11-23T19:16:39.057000Z,2022-11-23T19:17:29.915000Z,,2022-11-23T19:17:30.327780Z,51,CF8H6SE4,2054,"Yes, I am sometimes working from home, but still commuting to my workplace on other days.",23,Female,White,United States,United States,United States,English,Yes,Full-Time
637e71a3504f6f40ed2b2a1d,60e9e8092cfc1f464753dd71,AWAITING REVIEW,2022-11-23T19:16:56.596000Z,2022-11-23T19:19:49.133000Z,,2022-11-23T19:19:49.466928Z,173,CF8H6SE4,2697,"Yes, I am working from home every day. I always worked from home before COVID-19.",59,Male,White,United States,United States,United States,English,No,Full-Time
637e71a57414de2ca7fbc3d5,5c38f7ac7ba066000164fd1e,AWAITING REVIEW,2022-11-23T19:16:57.389000Z,2022-11-23T19:18:57.895000Z,,2022-11-23T19:19:02.448701Z,121,CF8H6SE4,2721,"Yes, I am sometimes working from home, but still commuting to my workplace on other days.",40,Male,White,United States,United States,United States,English,No,Full-Time
637e71b2081012caccfbc37a,5faeb0771929e6000941ecc5,AWAITING REVIEW,2022-11-23T19:17:11.449000Z,2022-11-23T19:18:11.449000Z,,2022-11-23T19:18:11.979188Z,60,CF8H6SE4,2894,"Yes, I am working from home every day. I always worked from home before COVID-19.",29,Female,White,United States,United States,United States,English,No,Full-Time
637e71b256a5b03a19e37a70,5cf91ace3bb7c4000162318c,AWAITING REVIEW,2022-11-23T19:17:08.409000Z,2022-11-23T19:18:03.215000Z,,2022-11-23T19:18:03.627879Z,55,CF8H6SE4,1125,"Yes, I am working from home every day. I always worked from home before COVID-19.",25,Male,White,United States,United States,United States,English,No,Full-Time
637e71bd911336cedc93057c,611688156f6d22853511ffb3,AWAITING REVIEW,2022-11-23T19:17:20.618000Z,2022-11-23T19:18:00.332000Z,,2022-11-23T19:18:00.729846Z,40,CF8H6SE4,1937,"Yes, I am working from home every day. I always worked from home before COVID-19.",21,Male,White,United States,United States,United States,English,No,Part-Time
637e71bec78623fb7c532807,5ca419ef2fd4860001a501db,AWAITING REVIEW,2022-11-23T19:17:22.691000Z,2022-11-23T19:18:17.788000Z,,2022-11-23T19:18:18.235803Z,56,CF8H6SE4,110,"Yes, I am working from home every day. I always worked from home before COVID-19.",40,Male,White,United States,United States,United States,English,No,Full-Time
637e71e56d93dca849917967,6151e479b4ee16668948c7f2,AWAITING REVIEW,2022-11-23T19:18:01.216000Z,2022-11-23T19:19:27.901000Z,,2022-11-23T19:19:28.271632Z,87,CF8H6SE4,2164,"Yes, I am working from home every day. I rarely worked from home before COVID-19 (less than 1 day a week).",69,Male,White,United States,United States,United States,English,No,Full-Time
637e71f315798096daacd694,60d7697bf8d2dd2ce87a331e,AWAITING REVIEW,2022-11-23T19:18:11.305000Z,2022-11-23T19:18:59.047000Z,,2022-11-23T19:19:02.234192Z,48,CF8H6SE4,770,"Yes, I am working from home every day. I rarely worked from home before COVID-19 (less than 1 day a week).",25,Male,Asian,United States,United States,United States,Vietnamese,Yes,Part-Time
637e72023ae438569d2f4ff4,5d63179aa3b94d0001da4bb6,AWAITING REVIEW,2022-11-23T19:18:29.178000Z,2022-11-23T19:19:39.779000Z,,2022-11-23T19:19:42.560629Z,71,CF8H6SE4,3059,"Yes, I am sometimes working from home, but still commuting to my workplace on other days.",59,Female,White,United Kingdom,United States,United States,English,No,Full-Time
637e720489eb0124c822ea55,580a494da38f4a00012ebfdc,AWAITING REVIEW,2022-11-23T19:18:30.781000Z,2022-11-23T19:28:30.848000Z,,2022-11-23T19:28:31.255539Z,601,CF8H6SE4,1146,"Yes, I am working from home every day. I sometimes worked from home before COVID-19 (1 day a week or more).",26,Male,White,United States,United States,United States,English,No,Full-Time
637e720f297852f35f8ff2b8,615252fe3ac6a44f68bdc779,AWAITING REVIEW,2022-11-23T19:18:44.378000Z,2022-11-23T19:20:37.836000Z,,2022-11-23T19:20:38.295497Z,114,CF8H6SE4,754,"Yes, I am working from home every day. I rarely worked from home before COVID-19 (less than 1 day a week).",27,Female,Black,United States,United States,United States,English,No,Part-Time
637e72259aefdafd9d930588,62c5fbbb796500bb5406d772,AWAITING REVIEW,2022-11-23T19:19:03.745000Z,2022-11-23T19:19:50.469000Z,,2022-11-23T19:19:50.869126Z,47,CF8H6SE4,744,"Yes, I am sometimes working from home, but still commuting to my workplace on other days.",31,Male,White,United States,United States,United States,English,No,Part-Time
637e722b911336cedc930584,593ae250ef9ed1000141364c,AWAITING REVIEW,2022-11-23T19:19:14.903000Z,2022-11-23T19:20:27.537000Z,,2022-11-23T19:20:27.970673Z,73,CF8H6SE4,1136,"Yes, I am working from home every day. I always worked from home before COVID-19.",48,Male,White,United States,United States,United States,English,No,Full-Time
637e7230cf8387b5862f5010,60566620bb888e88b6c157ee,AWAITING REVIEW,2022-11-23T19:19:16.554000Z,2022-11-23T19:20:08.044000Z,,2022-11-23T19:20:08.855097Z,52,CF8H6SE4,2980,"Yes, I am working from home every day. I rarely worked from home before COVID-19 (less than 1 day a week).",28,Male,White,United States,United States,United States,English,No,Full-Time
637e7233ccf918a6e7507d6f,5c3b70640eaa0100018ea877,AWAITING REVIEW,2022-11-23T19:19:17.941000Z,2022-11-23T19:20:31.374000Z,,2022-11-23T19:20:31.794219Z,74,CF8H6SE4,2636,"Yes, I am working from home every day. I rarely worked from home before COVID-19 (less than 1 day a week).",58,Male,White,United States,United States,United States,English,No,Full-Time
637e723530aef1ae3db3784a,623ac50ed58ac10f7e259b8f,AWAITING REVIEW,2022-11-23T19:19:20.318000Z,2022-11-23T19:20:08.950000Z,,2022-11-23T19:20:09.406153Z,49,CF8H6SE4,1655,"Yes, I am sometimes working from home, but still commuting to my workplace on other days.",22,Male,White,United States,United States,United States,English,No,Full-Time
637e72353d35a01e03030bc9,5ea70b0537c5170b90ece8ac,AWAITING REVIEW,2022-11-23T19:19:20.512000Z,2022-11-23T19:20:24.658000Z,,2022-11-23T19:20:26.352004Z,65,CF8H6SE4,3202,"Yes, I am sometimes working from home, but still commuting to my workplace on other days.",31,Male,Mixed,United States,United States,United States,English,No,Full-Time
637e7263dc17ce5bc0c681bb,5d41fdd8ca81250001493117,AWAITING REVIEW,2022-11-23T19:20:08.748000Z,2022-11-23T19:30:26.243000Z,,2022-11-23T19:30:26.804749Z,618,CF8H6SE4,496,"Yes, I am sometimes working from home, but still commuting to my workplace on other days.",39,Female,Mixed,United States,United States,United States,English,No,Full-Time
637e7268efaf3a041e6fb1bd,5fb97228ff45687f38da7813,AWAITING REVIEW,2022-11-23T19:20:08.614000Z,2022-11-23T19:20:41.245000Z,,2022-11-23T19:20:41.577530Z,33,CF8H6SE4,2764,"Yes, I am sometimes working from home, but still commuting to my workplace on other days.",36,Male,White,United States,United States,United States,English,No,Full-Time
637e7268efaf3a041e6fb1be,6313a3d93104022e9b8a7318,AWAITING REVIEW,2022-11-23T19:20:11.865000Z,2022-11-23T19:28:23.263000Z,,2022-11-23T19:28:23.622850Z,492,CF8H6SE4,574,"Yes, I am working from home every day. I rarely worked from home before COVID-19 (less than 1 day a week).",38,Male,Other,"Venezuela, Bolivarian Republic of",United States,United States,English,No,Full-Time
637e726afc5a821ce845a032,6272aedf6abac2a395291522,AWAITING REVIEW,2022-11-23T19:20:12.175000Z,2022-11-23T19:21:18.216000Z,,2022-11-23T19:21:18.575641Z,67,CF8H6SE4,588,"Yes, I am working from home every day. I always worked from home before COVID-19.",46,Male,White,United States,United States,United States,English,No,Part-Time
637e728d1dc3a806636fb162,5bc3949e35ed640001e277ba,AWAITING REVIEW,2022-11-23T19:20:48.450000Z,2022-11-23T19:22:08.699000Z,,2022-11-23T19:22:09.073357Z,81,CF8H6SE4,739,"Yes, I am sometimes working from home, but still commuting to my workplace on other days.",41,Female,White,United States,United States,United States,English,No,Full-Time
637e72a11aa54311ff53279d,62952201fa2b4996b7a66f3d,AWAITING REVIEW,2022-11-23T19:21:48.715000Z,2022-11-23T19:24:38.025000Z,,2022-11-23T19:24:38.343228Z,170,CF8H6SE4,713,"Yes, I am sometimes working from home, but still commuting to my workplace on other days.",62,Male,White,United States,United States,United States,English,No,Unemployed (and job seeking)
637e72a36af789867b625f3d,611267d44fb8536ce68fe464,AWAITING REVIEW,2022-11-23T19:21:13.293000Z,2022-11-23T19:25:13.006000Z,,2022-11-23T19:25:13.474952Z,240,CF8H6SE4,1416,"Yes, I am working from home every day. I always worked from home before COVID-19.",31,Female,White,United States,United States,United States,English,No,Full-Time
637e72aa6d93dca84991797b,5ba849b3a2a1ae0001f08d2d,AWAITING REVIEW,2022-11-23T19:21:16.329000Z,2022-11-23T19:22:41.070000Z,,2022-11-23T19:22:41.571230Z,85,CF8H6SE4,2295,"Yes, I am sometimes working from home, but still commuting to my workplace on other days.",21,Male,White,United States,United States,United States,English,Yes,Due to start a new job within the next month
637e72c78cd5607ea8c1c952,5d100e740277ff00152f7562,AWAITING REVIEW,2022-11-23T19:21:45.772000Z,2022-11-23T19:23:21.353000Z,,2022-11-23T19:23:21.690025Z,96,CF8H6SE4,2886,"Yes, I am working from home every day. I always worked from home before COVID-19.",46,Female,White,United States,United States,United States,English,No,Full-Time
637e72ceb9049b728f2b2a2d,62850d0754941f925e1af397,AWAITING REVIEW,2022-11-23T19:22:29.532000Z,2022-11-23T19:23:38.187000Z,,2022-11-23T19:23:38.607560Z,69,CF8H6SE4,989,"Yes, I am working from home every day. I sometimes worked from home before COVID-19 (1 day a week or more).",53,Male,White,United States,United States,United States,English,No,Part-Time
637e72d7bc2f3f22c2969c18,5b457ba9eb64c200015bbab1,AWAITING REVIEW,2022-11-23T19:22:01.328000Z,2022-11-23T19:22:37.917000Z,,2022-11-23T19:22:38.316655Z,37,CF8H6SE4,3241,"Yes, I am sometimes working from home, but still commuting to my workplace on other days.",22,Female,Asian,United States,United States,United States,English,Yes,Full-Time
637e72de447821e7dd8bd2e1,6277f24d24ba4608b3fa016c,AWAITING REVIEW,2022-11-23T19:22:12.861000Z,2022-11-23T19:23:27.836000Z,,2022-11-23T19:23:28.565777Z,75,CF8H6SE4,1332,"Yes, I am sometimes working from home, but still commuting to my workplace on other days.",20,Female,Asian,United States,United States,United States,English,No,Full-Time
637e72e68cd5607ea8c1c955,5fd9ad6dab00c64c8a45c9fc,AWAITING REVIEW,2022-11-23T19:22:18.262000Z,2022-11-23T19:24:12.575000Z,,2022-11-23T19:24:12.939575Z,115,CF8H6SE4,1778,"Yes, I am working from home every day. I sometimes worked from home before COVID-19 (1 day a week or more).",58,Female,White,Poland,United States,United States,Polish,No,Full-Time
637e72eb447821e7dd8bd2e2,5615777c7ffc8a000a811c61,AWAITING REVIEW,2022-11-23T19:22:24.115000Z,2022-11-23T19:23:40.768000Z,,2022-11-23T19:23:41.649442Z,77,CF8H6SE4,2462,"Yes, I am working from home every day. I sometimes worked from home before COVID-19 (1 day a week or more).",61,Male,White,United States,United States,United States,English,No,Full-Time
637e72f85a1bf32dffa6589f,5f55b2de5c3cb118507479f5,AWAITING REVIEW,2022-11-23T19:22:34.612000Z,2022-11-23T19:23:22.433000Z,,2022-11-23T19:23:22.785079Z,48,CF8H6SE4,2582,"Yes, I am working from home every day. I always worked from home before COVID-19.",26,Male,White,United States,United States,United States,English,No,Part-Time
637e7309d49f439b2ac1c91c,5ac5207ee1546900019c0279,AWAITING REVIEW,2022-11-23T19:22:52.254000Z,2022-11-23T19:27:57.622000Z,,2022-11-23T19:27:58.040422Z,306,CF8H6SE4,1501,"Yes, I am sometimes working from home, but still commuting to my workplace on other days.",39,Female,White,United States,United States,United States,English,Yes,Full-Time
637e731247a72ef68dfbc3df,5dd0098e01fadf0fa6c3a15f,AWAITING REVIEW,2022-11-23T19:23:02.798000Z,2022-11-23T19:24:10.210000Z,,2022-11-23T19:24:10.582919Z,68,CF8H6SE4,2680,"Yes, I am sometimes working from home, but still commuting to my workplace on other days.",37,Female,Mixed,United States,United States,United States,English,No,Full-Time
637e7332e43faf956fc0d73c,6316212c1109a3b1bac89fe6,AWAITING REVIEW,2022-11-23T19:23:35.009000Z,2022-11-23T19:26:13.749000Z,,2022-11-23T19:26:14.139659Z,159,CF8H6SE4,551,"Yes, I am sometimes working from home, but still commuting to my workplace on other days.",29,Female,Black,United States,United States,United States,English,No,Full-Time
637e7339b07b2cf8ab233f74,5d74001d391b6600175f433b,AWAITING REVIEW,2022-11-23T19:23:39.495000Z,2022-11-23T19:25:22.367000Z,,2022-11-23T19:25:22.841728Z,103,CF8H6SE4,2958,"Yes, I am working from home every day. I always worked from home before COVID-19.",34,Female,White,United States,United States,United States,English,No,Part-Time
637e733f1dfd32f641c0d708,62b14dff6abbc73f0f5f090c,AWAITING REVIEW,2022-11-23T19:23:46.913000Z,2022-11-23T19:25:01.719000Z,,2022-11-23T19:25:02.081623Z,75,CF8H6SE4,692,"Yes, I am working from home every day. I rarely worked from home before COVID-19 (less than 1 day a week).",42,Male,White,United States,United States,United States,English,No,Full-Time
637e735f9aefdafd9d9305bc,60da18dba560960ea60a8fe5,AWAITING REVIEW,2022-11-23T19:24:17.469000Z,2022-11-23T19:25:16.907000Z,,2022-11-23T19:25:17.258855Z,60,CF8H6SE4,3382,"Yes, I am working from home every day. I sometimes worked from home before COVID-19 (1 day a week or more).",32,Male,White,United States,United States,United States,English,No,Full-Time
637e73894e5e75d4fb1632b7,5d0c185215f65d00017699f2,AWAITING REVIEW,2022-11-23T19:25:00.593000Z,2022-11-23T19:25:57.563000Z,,2022-11-23T19:25:57.907609Z,57,CF8H6SE4,715,"Yes, I am sometimes working from home, but still commuting to my workplace on other days.",30,Female,White,United States,United States,United States,English,Yes,Full-Time
637e739a277ea025177229ba,5639a8adbe9cac000daaa30f,AWAITING REVIEW,2022-11-23T19:25:16.295000Z,2022-11-23T19:28:40.317000Z,,2022-11-23T19:28:40.708298Z,205,CF8H6SE4,228,"Yes, I am working from home every day. I sometimes worked from home before COVID-19 (1 day a week or more).",43,Female,White,United States,United States,United States,English,No,Full-Time
637e73a28d984ab22ea55302,62841e3601b7cae85fa2565b,AWAITING REVIEW,2022-11-23T19:25:24.810000Z,2022-11-23T19:26:08.877000Z,,2022-11-23T19:26:09.265206Z,45,CF8H6SE4,557,"Yes, I am working from home every day. I sometimes worked from home before COVID-19 (1 day a week or more).",22,Male,White,United States,United States,United States,English,Yes,Full-Time
