StartDate,EndDate,Status,IPAddress,Progress,Duration (in seconds),Finished,RecordedDate,ResponseId,RecipientLastName,RecipientFirstName,RecipientEmail,ExternalReference,LocationLatitude,LocationLongitude,DistributionChannel,UserLanguage,Q0.00,Q0.01,Q0.2,Q0.0.2,Q1,Q2,Q3,Q4,Q5,Q6,Q7,Q8,Q9,Q10,PROLIFIC_PID,FL_5_DO
Start Date,End Date,Response Type,IP Address,Progress,Duration (in seconds),Finished,Recorded Date,Response ID,Recipient Last Name,Recipient First Name,Recipient Email,External Data Reference,Location Latitude,Location Longitude,Distribution Channel,User Language,"The researcher requests your consent for participation in a study about working from the office sentiment. This consent form asks you to allow the researcher to record and view your survey results. We will not be collecting personally identifiable information.



Participation in this study is completely voluntary. If you decide not to participate there will not be any negative consequences. Please be aware that if you decide to participate, you may stop participating at any time. Please note: You must be 18 or older to participate in this study.



Do you consent to participating in this survey?",Do you commit to providing thoughtful answers and reading through each prompt carefully?,t-pid,c-pid,What industry do you work in?,What was your work setting before the start of COVID-19?,What was your work setting for the majority of 2021 during the pandemic?,What is your work setting now?,How much do you think working from the office improves work life balance?,How much do you think working from the office improves career growth?,How much do you think working from the office improves in person collaboration?,How important is working from the office?,How important is working from home?,What is your ideal number of days working from the office?,PROLIFIC_PID,FL_5 - Block Randomizer - Display Order
"{""ImportId"":""startDate"",""timeZone"":""America/Denver""}","{""ImportId"":""endDate"",""timeZone"":""America/Denver""}","{""ImportId"":""status""}","{""ImportId"":""ipAddress""}","{""ImportId"":""progress""}","{""ImportId"":""duration""}","{""ImportId"":""finished""}","{""ImportId"":""recordedDate"",""timeZone"":""America/Denver""}","{""ImportId"":""_recordId""}","{""ImportId"":""recipientLastName""}","{""ImportId"":""recipientFirstName""}","{""ImportId"":""recipientEmail""}","{""ImportId"":""externalDataReference""}","{""ImportId"":""locationLatitude""}","{""ImportId"":""locationLongitude""}","{""ImportId"":""distributionChannel""}","{""ImportId"":""userLanguage""}","{""ImportId"":""QID29""}","{""ImportId"":""QID30""}","{""ImportId"":""QID27_TEXT""}","{""ImportId"":""QID28_TEXT""}","{""ImportId"":""QID14""}","{""ImportId"":""QID2""}","{""ImportId"":""QID3""}","{""ImportId"":""QID4""}","{""ImportId"":""QID18""}","{""ImportId"":""QID19""}","{""ImportId"":""QID20""}","{""ImportId"":""QID21""}","{""ImportId"":""QID22""}","{""ImportId"":""QID15""}","{""ImportId"":""PROLIFIC_PID""}","{""ImportId"":""FL_5_DO""}"
2022-11-23 10:48:47,2022-11-23 10:49:56,IP Address,108.16.238.128,100,68,True,2022-11-23 10:49:56,R_80NYYGIdwuaWYkF,,,,,40.0459,-75.5307,anonymous,EN,"Yes, I consent","Yes, I commit",6100a9190f0346ae722a4db2,,Education,Working from an office,Working from home,Other,A little,A little,A little,Not at all important,Extremely important,1 Day,6100a9190f0346ae722a4db2,TreatmentBlock
2022-11-23 10:49:24,2022-11-23 10:51:02,IP Address,75.168.88.207,100,98,True,2022-11-23 10:51:03,R_3Idr7ZCilkchp0B,,,,,44.8769,-93.2535,anonymous,EN,"Yes, I consent","Yes, I commit",,5f91fe1f5ed1060f5afb58a7,Technology,Other,Working from home,Working from home,None at all,A little,A moderate amount,Slightly important,Moderately important,2 Days,5f91fe1f5ed1060f5afb58a7,ControlBlock
2022-11-23 11:01:01,2022-11-23 11:02:08,IP Address,65.27.154.30,100,67,True,2022-11-23 11:02:09,R_23dFpfLMNQBhaQt,,,,,40.1117,-82.9728,anonymous,EN,"Yes, I consent","Yes, I commit",5c64c8c458987100010e9db7,,Other,Working from an office,Working from home,Working from home,None at all,A moderate amount,A little,Slightly important,Extremely important,1 Day,5c64c8c458987100010e9db7,TreatmentBlock
2022-11-23 11:05:24,2022-11-23 11:06:26,IP Address,76.145.153.132,100,62,True,2022-11-23 11:06:27,R_1LhzshYePTFupT5,,,,,33.8336,-84.3797,anonymous,EN,"Yes, I consent","Yes, I commit",6111b27e123039e968795ea8,,Other,Working from home,Working from home,Working from home,A moderate amount,None at all,A little,Slightly important,Moderately important,2 Days,6111b27e123039e968795ea8,TreatmentBlock
2022-11-23 11:16:21,2022-11-23 11:19:04,IP Address,67.129.0.26,100,162,True,2022-11-23 11:19:04,R_3fVI7DIsucRXyE7,,,,,40.9928,-87.1067,anonymous,EN,"Yes, I consent","Yes, I commit",,5c26b50d1fc74500017cc346,Education,Working from an office,Working from home,Other,A little,A little,A moderate amount,Slightly important,Very important,2 Days,5c26b50d1fc74500017cc346,ControlBlock
2022-11-23 11:21:18,2022-11-23 11:22:19,IP Address,140.82.187.220,100,61,True,2022-11-23 11:22:19,R_2dylqH6Efp7LEO8,,,,,42.3937,-92.4522,anonymous,EN,"Yes, I consent","Yes, I commit",5e9f12398bee3106d8a13131,,Hospitality,Working from home,Working from home,Working from an office,A little,A little,A little,Not at all important,Very important,1 Day,5e9f12398bee3106d8a13131,TreatmentBlock
2022-11-23 11:29:10,2022-11-23 11:32:03,IP Address,68.199.125.216,100,173,True,2022-11-23 11:32:03,R_1LtaZXeg0DJwZvM,,,,,41.1684,-73.8498,anonymous,EN,"Yes, I consent","Yes, I commit",,6288200662bdd110ddecad7a,Healthcare,Working from an office,Working from an office,Working from an office,A little,A lot,A great deal,Very important,Slightly important,4 Days,6288200662bdd110ddecad7a,ControlBlock
2022-11-23 11:33:54,2022-11-23 11:34:32,IP Address,173.68.117.88,100,38,True,2022-11-23 11:34:32,R_yQiNbAMRqPQXe9j,,,,,40.7429,-73.9392,anonymous,EN,"Yes, I consent","Yes, I commit",,60819dd29a63569b48b584ea,Media,Working from home,Working from home,Working from home,A great deal,A moderate amount,A moderate amount,Not at all important,Extremely important,5 Days,60819dd29a63569b48b584ea,ControlBlock
2022-11-23 11:42:45,2022-11-23 11:43:20,IP Address,140.254.35.52,100,34,True,2022-11-23 11:43:20,R_1IWqgOmpbjP3zjS,,,,,40.0181,-83.0117,anonymous,EN,"Yes, I consent","Yes, I commit",,6116876a64aadf8649c181a8,Other,Working from an office,Working from home,Working from home,A little,A moderate amount,A lot,Slightly important,Moderately important,2 Days,6116876a64aadf8649c181a8,ControlBlock
2022-11-23 11:40:06,2022-11-23 11:43:22,IP Address,23.116.109.64,100,196,True,2022-11-23 11:43:23,R_3NVE3VSTLhi0ilG,,,,,41.9032,-87.6383,anonymous,EN,"Yes, I consent","Yes, I commit",6173153923f87c01a847eb5b,,Other,Working from an office,Other,Other,None at all,A lot,A lot,Slightly important,Extremely important,1 Day,6173153923f87c01a847eb5b,TreatmentBlock
2022-11-23 11:44:53,2022-11-23 11:45:59,IP Address,68.47.197.62,100,66,True,2022-11-23 11:46:00,R_2bPh1asYqG3eWQ1,,,,,36.0758,-87.4,anonymous,EN,"Yes, I consent","Yes, I commit",,5dc6e8472865554f0289bb6d,Technology,Working from home,Working from home,Working from home,None at all,A little,A little,Not at all important,Extremely important,1 Day,5dc6e8472865554f0289bb6d,ControlBlock
2022-11-23 11:41:54,2022-11-23 11:46:26,IP Address,67.85.81.251,100,271,True,2022-11-23 11:46:26,R_1HiSNvu3JdZ1YoV,,,,,40.8547,-73.9218,anonymous,EN,"Yes, I consent","Yes, I commit",5e7e0e92b7838b4aca1b6fca,,Other,Working from an office,Working from home,Working from an office,A lot,A lot,A great deal,Moderately important,Slightly important,3 Days,5e7e0e92b7838b4aca1b6fca,TreatmentBlock
2022-11-23 11:46:13,2022-11-23 11:47:29,IP Address,73.19.49.230,100,75,True,2022-11-23 11:47:29,R_3snxQEvaxro4teQ,,,,,47.1291,-122.4094,anonymous,EN,"Yes, I consent","Yes, I commit",5dd773812b033b7177af88f1,,Education,Working from an office,Working from home,Working from home,A little,A moderate amount,A lot,Slightly important,Moderately important,2 Days,5dd773812b033b7177af88f1,TreatmentBlock
2022-11-23 11:46:59,2022-11-23 11:48:17,IP Address,166.216.159.40,100,77,True,2022-11-23 11:48:17,R_2agfvo8HXZWZxCr,,,,,39.9587,-82.9987,anonymous,EN,"Yes, I consent","Yes, I commit",,56db4c217dcddf000bd5853c,Other,Working from home,Working from home,Working from home,A little,A lot,A lot,Moderately important,Extremely important,4 Days,56db4c217dcddf000bd5853c,ControlBlock
2022-11-23 11:49:50,2022-11-23 11:50:20,IP Address,35.140.75.39,100,30,True,2022-11-23 11:50:20,R_3ebmhBc0R4xdoFa,,,,,27.7152,-82.3513,anonymous,EN,"Yes, I consent","Yes, I commit",601c2c63f899976cb35c1269,,Media,Working from home,Working from home,Working from home,A moderate amount,A lot,A lot,Moderately important,Moderately important,3 Days,601c2c63f899976cb35c1269,TreatmentBlock
2022-11-23 11:50:11,2022-11-23 11:50:43,IP Address,73.247.185.1,100,32,True,2022-11-23 11:50:43,R_12tBPjLAkN6D0EV,,,,,41.8907,-87.7908,anonymous,EN,"Yes, I consent","Yes, I commit",,62ead1ef3d160a9d666c0bac,Media,Working from an office,Other,Working from home,A little,A little,A lot,Slightly important,Very important,1 Day,62ead1ef3d160a9d666c0bac,ControlBlock
2022-11-23 11:46:57,2022-11-23 11:51:16,IP Address,98.13.68.244,100,258,True,2022-11-23 11:51:16,R_2zhH1wJ9NSBxNA4,,,,,43.5977,-70.5905,anonymous,EN,"Yes, I consent","Yes, I commit",,62e02dd0f627ebffb011a0f6,Other,Working from home,Working from home,Working from home,None at all,A little,A little,Not at all important,Extremely important,1 Day,62e02dd0f627ebffb011a0f6,ControlBlock
2022-11-23 11:49:56,2022-11-23 11:51:30,IP Address,107.140.223.221,100,93,True,2022-11-23 11:51:30,R_2U3N7ZGGF6C0Ch8,,,,,33.1371,-96.7488,anonymous,EN,"Yes, I consent","Yes, I commit",6045c416b5547f70e3917c12,,Entertainment,Other,Other,Working from home,A little,A little,A little,Not at all important,Very important,1 Day,6045c416b5547f70e3917c12,TreatmentBlock
2022-11-23 11:50:45,2022-11-23 11:51:30,IP Address,68.132.109.9,100,44,True,2022-11-23 11:51:31,R_3Jtvhuf74fTbBz2,,,,,40.7621,-73.3313,anonymous,EN,"Yes, I consent","Yes, I commit",,62952c60095ebfbdca7ec2ac,Other,Working from home,Working from home,Working from home,None at all,A little,A little,Slightly important,Extremely important,1 Day,62952c60095ebfbdca7ec2ac,ControlBlock
2022-11-23 11:50:37,2022-11-23 11:51:44,IP Address,207.181.200.179,100,66,True,2022-11-23 11:51:44,R_1kLGcptH7ZlmLJ7,,,,,41.8972,-87.6196,anonymous,EN,"Yes, I consent","Yes, I commit",61160189e88d439232bca89e,,Other,Working from an office,Working from home,Other,None at all,A little,A great deal,Slightly important,Extremely important,1 Day,61160189e88d439232bca89e,TreatmentBlock
2022-11-23 11:50:37,2022-11-23 11:52:05,IP Address,73.22.220.25,100,88,True,2022-11-23 11:52:06,R_1kNPz6ncdny0Q5W,,,,,42.0754,-87.8222,anonymous,EN,"Yes, I consent","Yes, I commit",580145ebf35f130001c36157,,Other,Working from an office,Working from home,Working from home,A lot,A lot,A lot,Moderately important,Very important,1 Day,580145ebf35f130001c36157,TreatmentBlock
2022-11-23 11:50:36,2022-11-23 11:52:28,IP Address,65.184.21.108,100,111,True,2022-11-23 11:52:28,R_2disNIZyc62IxwN,,,,,35.377,-81.3538,anonymous,EN,"Yes, I consent","Yes, I commit",5849061d0c097700012a1ed4,,Construction,Other,Other,Other,None at all,None at all,A little,Not at all important,Moderately important,1 Day,5849061d0c097700012a1ed4,TreatmentBlock
2022-11-23 11:51:27,2022-11-23 11:52:38,IP Address,50.5.55.88,100,70,True,2022-11-23 11:52:38,R_3QQ0Hf4cbcnkIye,,,,,39.0055,-84.6006,anonymous,EN,"Yes, I consent","Yes, I commit",,60fe47b274576eb477b06e6d,Technology,Working from an office,Working from home,Working from an office,A moderate amount,A great deal,A lot,Moderately important,Moderately important,3 Days,60fe47b274576eb477b06e6d,ControlBlock
2022-11-23 11:52:07,2022-11-23 11:52:57,IP Address,73.53.232.3,100,50,True,2022-11-23 11:52:57,R_2bU9dSG3X4DtiJw,,,,,30.132,-81.7726,anonymous,EN,"Yes, I consent","Yes, I commit",,604fe822b095421e07e3f93e,Technology,Working from an office,Working from home,Working from home,None at all,A moderate amount,A moderate amount,Slightly important,Very important,1 Day,604fe822b095421e07e3f93e,ControlBlock
2022-11-23 11:51:51,2022-11-23 11:53:30,IP Address,74.130.242.206,100,99,True,2022-11-23 11:53:30,R_2zMzAyCTG97q0H7,,,,,37.019,-86.4537,anonymous,EN,"Yes, I consent","Yes, I commit",6151e17dd596caee8fc6b73c,,Technology,Other,Working from home,Working from home,A little,A moderate amount,A moderate amount,Slightly important,Very important,1 Day,6151e17dd596caee8fc6b73c,TreatmentBlock
2022-11-23 11:52:43,2022-11-23 11:53:37,IP Address,172.58.203.99,100,54,True,2022-11-23 11:53:38,R_2B2PItNOrdINM0r,,,,,40.0356,-75.1763,anonymous,EN,"Yes, I consent","Yes, I commit",605bc8caf9e0b0f799baf6da,,Hospitality,Working from an office,Working from home,Working from home,None at all,A little,A moderate amount,Not at all important,Not at all important,1 Day,605bc8caf9e0b0f799baf6da,TreatmentBlock
2022-11-23 11:53:02,2022-11-23 11:53:59,IP Address,155.190.21.7,100,57,True,2022-11-23 11:54:00,R_10vdVQrOaCViBcN,,,,,37.751,-97.822,anonymous,EN,"Yes, I consent","Yes, I commit",,5dedb806838b4f46c8d183a5,Other,Working from an office,Working from home,Other,None at all,A little,A little,Slightly important,Moderately important,1 Day,5dedb806838b4f46c8d183a5,ControlBlock
2022-11-23 11:53:28,2022-11-23 11:54:03,IP Address,98.235.49.119,100,35,True,2022-11-23 11:54:04,R_1CKLovX38q8SrJb,,,,,40.2744,-76.7062,anonymous,EN,"Yes, I consent","Yes, I commit",,558fd02cfdf99b39cb035e5d,Technology,Working from home,Working from home,Working from home,None at all,A little,A moderate amount,Slightly important,Moderately important,1 Day,558fd02cfdf99b39cb035e5d,ControlBlock
2022-11-23 11:52:47,2022-11-23 11:54:22,IP Address,173.75.210.227,100,95,True,2022-11-23 11:54:22,R_9BOjyG6Io2np3Fv,,,,,40.4323,-75.1091,anonymous,EN,"Yes, I consent","Yes, I commit",,5ae3563e5cd05500015ed96b,Other,Working from an office,Working from an office,Other,None at all,None at all,None at all,Not at all important,Extremely important,1 Day,5ae3563e5cd05500015ed96b,ControlBlock
2022-11-23 11:49:58,2022-11-23 11:54:26,IP Address,68.8.236.73,100,267,True,2022-11-23 11:54:26,R_33BXbfeU0eZHWav,,,,,33.1986,-117.2461,anonymous,EN,"Yes, I consent","Yes, I commit",,57fbe878035f6e0001d71a8c,Technology,Working from an office,Working from home,Working from an office,A moderate amount,None at all,A little,Slightly important,Very important,1 Day,57fbe878035f6e0001d71a8c,ControlBlock
2022-11-23 11:53:29,2022-11-23 11:54:27,IP Address,47.25.192.226,100,58,True,2022-11-23 11:54:28,R_2fs5grFB4PA7K8p,,,,,45.6728,-121.5398,anonymous,EN,"Yes, I consent","Yes, I commit",,5eb33612d573b51326905f30,Other,Working from an office,Working from home,Working from home,A great deal,A moderate amount,None at all,Not at all important,Extremely important,1 Day,5eb33612d573b51326905f30,ControlBlock
2022-11-23 11:53:25,2022-11-23 11:54:36,IP Address,174.81.199.16,100,71,True,2022-11-23 11:54:37,R_2bNWPeIFxxGc8tR,,,,,43.0352,-83.5248,anonymous,EN,"Yes, I consent","Yes, I commit",5cc5e72ce3c44e0015fdf990,,Entertainment,Working from home,Working from home,Working from home,None at all,None at all,A little,Not at all important,Extremely important,1 Day,5cc5e72ce3c44e0015fdf990,TreatmentBlock
2022-11-23 11:53:53,2022-11-23 11:54:40,IP Address,99.183.188.138,100,46,True,2022-11-23 11:54:40,R_2Y5hjKRBuxo840s,,,,,41.3154,-81.6215,anonymous,EN,"Yes, I consent","Yes, I commit",5fff542aeed8c2065133114e,,Healthcare,Working from an office,Working from home,Working from home,A little,A moderate amount,A lot,Slightly important,Moderately important,2 Days,5fff542aeed8c2065133114e,TreatmentBlock
2022-11-23 11:52:59,2022-11-23 11:55:04,IP Address,192.180.185.210,100,125,True,2022-11-23 11:55:05,R_Q5FGmd37031RhrH,,,,,38.1774,-85.5209,anonymous,EN,"Yes, I consent","Yes, I commit",606479c20b621e3a22d6c0d5,,Other,Other,Working from home,Other,None at all,A little,A little,Not at all important,Very important,1 Day,606479c20b621e3a22d6c0d5,TreatmentBlock
2022-11-23 11:52:01,2022-11-23 11:55:06,IP Address,75.136.86.75,100,185,True,2022-11-23 11:55:07,R_3g6Hqm3OYJEEoMU,,,,,42.2555,-71.7719,anonymous,EN,"Yes, I consent","Yes, I commit",62865e3456c142785cfad2a7,,Other,Other,Working from home,Working from home,A little,A little,A little,Not at all important,Extremely important,1 Day,62865e3456c142785cfad2a7,TreatmentBlock
2022-11-23 11:53:51,2022-11-23 11:55:26,IP Address,74.77.244.229,100,94,True,2022-11-23 11:55:26,R_2zjycCKh2yZayR9,,,,,42.4325,-79.3329,anonymous,EN,"Yes, I consent","Yes, I commit",,558ffe16fdf99b3f7aada34d,Other,Working from home,Working from home,Working from home,None at all,A moderate amount,A little,Slightly important,Extremely important,1 Day,558ffe16fdf99b3f7aada34d,ControlBlock
2022-11-23 11:54:21,2022-11-23 11:55:30,IP Address,74.130.77.106,100,69,True,2022-11-23 11:55:30,R_3GwVEjvXRlcr2Cx,,,,,38.2634,-85.673,anonymous,EN,"Yes, I consent","Yes, I commit",,60fd080d5476f4a77211bafb,Education,Working from home,Working from home,Working from home,None at all,None at all,None at all,Not at all important,Extremely important,1 Day,60fd080d5476f4a77211bafb,ControlBlock
2022-11-23 11:54:57,2022-11-23 11:55:48,IP Address,73.151.211.55,100,50,True,2022-11-23 11:55:49,R_Pt9OsvE0bx06QCd,,,,,37.6567,-121.4955,anonymous,EN,"Yes, I consent","Yes, I commit",,5ae7f99bd5ec5e000175f097,Manufacturing,Working from an office,Working from home,Working from an office,A little,A little,A lot,Moderately important,Moderately important,2 Days,5ae7f99bd5ec5e000175f097,ControlBlock
2022-11-23 11:53:40,2022-11-23 11:55:52,IP Address,172.56.248.36,100,131,True,2022-11-23 11:55:52,R_TbXGIsU8Jlbvr7b,,,,,39.8079,-86.0949,anonymous,EN,"Yes, I consent","Yes, I commit",632c0075227e9b734c80424d,,Agriculture,Other,Working from home,Working from home,A lot,A great deal,A lot,Moderately important,Very important,5 Days,632c0075227e9b734c80424d,TreatmentBlock
2022-11-23 11:54:16,2022-11-23 11:56:06,IP Address,108.209.7.253,100,109,True,2022-11-23 11:56:06,R_2zGuFuuuEt1cy5H,,,,,29.6968,-95.5446,anonymous,EN,"Yes, I consent","Yes, I commit",5ffa65ae7211c742f5e88aaf,,Technology,Working from home,Working from home,Working from home,None at all,None at all,None at all,Not at all important,Extremely important,5 Days,5ffa65ae7211c742f5e88aaf,TreatmentBlock
2022-11-23 11:54:50,2022-11-23 11:56:07,IP Address,173.173.38.108,100,76,True,2022-11-23 11:56:07,R_1gLq2h8ZSUsGB8L,,,,,31.5822,-97.1768,anonymous,EN,"Yes, I consent","Yes, I commit",,5c1d10be426c440001885e1c,Other,Working from an office,Working from home,Working from an office,None at all,A lot,A great deal,Moderately important,Very important,3 Days,5c1d10be426c440001885e1c,ControlBlock
2022-11-23 11:54:57,2022-11-23 11:56:08,IP Address,73.211.128.91,100,70,True,2022-11-23 11:56:08,R_AG48T9MIBRdIBbP,,,,,41.9228,-88.0756,anonymous,EN,"Yes, I consent","Yes, I commit",,5ee71ce25f11c84a3e909b09,Other,Working from home,Working from home,Working from home,None at all,A little,A moderate amount,Moderately important,Extremely important,1 Day,5ee71ce25f11c84a3e909b09,ControlBlock
2022-11-23 11:55:28,2022-11-23 11:56:11,IP Address,172.58.204.178,100,42,True,2022-11-23 11:56:11,R_3e9SXvHPi5f4Tk5,,,,,39.9943,-75.1181,anonymous,EN,"Yes, I consent","Yes, I commit",5c16e72c91defa000115c8ec,,Other,Working from an office,Working from home,Working from home,None at all,A moderate amount,A lot,Not at all important,Extremely important,1 Day,5c16e72c91defa000115c8ec,TreatmentBlock
2022-11-23 11:54:59,2022-11-23 11:56:12,IP Address,24.205.86.183,100,73,True,2022-11-23 11:56:12,R_2uEF2DNoUJ4EJEc,,,,,34.1648,-118.1515,anonymous,EN,"Yes, I consent","Yes, I commit",,62e85346fa2d55eacfe3f60e,Technology,Working from an office,Working from an office,Working from an office,A little,A moderate amount,A lot,Moderately important,Very important,2 Days,62e85346fa2d55eacfe3f60e,ControlBlock
2022-11-23 11:55:02,2022-11-23 11:56:15,IP Address,67.58.248.47,100,73,True,2022-11-23 11:56:16,R_8oi2juF6PnAWRXj,,,,,39.4849,-88.1805,anonymous,EN,"Yes, I consent","Yes, I commit",60b91e7f81b40fd08d67baaa,,Other,Working from home,Working from home,Working from home,A little,A moderate amount,A moderate amount,Slightly important,Extremely important,1 Day,60b91e7f81b40fd08d67baaa,TreatmentBlock
2022-11-23 11:55:19,2022-11-23 11:56:15,IP Address,75.48.78.21,100,56,True,2022-11-23 11:56:16,R_2vYPVi6eXSVIm8C,,,,,37.9545,-121.9759,anonymous,EN,"Yes, I consent","Yes, I commit",,5dd33f6b2091e93579973754,Other,Working from an office,Working from home,Working from home,A little,A moderate amount,A moderate amount,Moderately important,Moderately important,1 Day,5dd33f6b2091e93579973754,ControlBlock
2022-11-23 11:55:07,2022-11-23 11:56:18,IP Address,98.35.193.183,100,71,True,2022-11-23 11:56:19,R_2t3tmTy4ZzHlftX,,,,,37.6873,-121.8957,anonymous,EN,"Yes, I consent","Yes, I commit",61004e962509f21ce295df3d,,Media,Working from home,Working from home,Working from home,A little,None at all,A little,Slightly important,Extremely important,1 Day,61004e962509f21ce295df3d,TreatmentBlock
2022-11-23 11:54:54,2022-11-23 11:56:23,IP Address,172.58.110.132,100,89,True,2022-11-23 11:56:23,R_07GugqUEpiy475L,,,,,32.7319,-96.9057,anonymous,EN,"Yes, I consent","Yes, I commit",6312fb265eb1e756a4934182,,Manufacturing,Working from an office,Working from an office,Working from an office,None at all,A moderate amount,A great deal,Moderately important,Very important,5 Days,6312fb265eb1e756a4934182,TreatmentBlock
2022-11-23 11:54:41,2022-11-23 11:56:40,IP Address,72.203.59.4,100,119,True,2022-11-23 11:56:40,R_3CBmFXSPXjh5MZn,,,,,36.1962,-115.2633,anonymous,EN,"Yes, I consent","Yes, I commit",5ec9cf3ed4642d4ebb802b42,,Other,Working from an office,Working from home,Working from home,A moderate amount,A moderate amount,A lot,Moderately important,Slightly important,3 Days,5ec9cf3ed4642d4ebb802b42,TreatmentBlock
2022-11-23 11:55:41,2022-11-23 11:57:01,IP Address,63.225.81.249,100,80,True,2022-11-23 11:57:01,R_sv5VYUna6MJdQ3f,,,,,45.6728,-121.5398,anonymous,EN,"Yes, I consent","Yes, I commit",,596bac33670f410001fe9c07,Other,Working from home,Working from home,Working from home,A little,A moderate amount,A lot,Slightly important,Moderately important,1 Day,596bac33670f410001fe9c07,ControlBlock
2022-11-23 11:56:07,2022-11-23 11:57:16,IP Address,147.92.48.67,100,69,True,2022-11-23 11:57:17,R_3ssmhQxt5SZgN5P,,,,,42.1399,-98.0135,anonymous,EN,"Yes, I consent","Yes, I commit",,60c81a232837d9f7d4a641bf,Other,Working from an office,Working from home,Working from home,None at all,A little,A moderate amount,Slightly important,Moderately important,2 Days,60c81a232837d9f7d4a641bf,ControlBlock
2022-11-23 11:56:11,2022-11-23 11:57:22,IP Address,98.61.98.2,100,70,True,2022-11-23 11:57:23,R_R2LavFQ30rrAoa5,,,,,45.08,-93.0227,anonymous,EN,"Yes, I consent","Yes, I commit",615c777509f34c8977bc45a7,,Technology,Working from an office,Working from home,Other,A little,A lot,A little,Moderately important,Moderately important,3 Days,615c777509f34c8977bc45a7,TreatmentBlock
2022-11-23 11:55:10,2022-11-23 11:57:28,IP Address,141.151.92.63,100,138,True,2022-11-23 11:57:29,R_OfBQvpLPWoeGhQl,,,,,39.7979,-75.5317,anonymous,EN,"Yes, I consent","Yes, I commit",5d58b018a0c0940001a47057,,Other,Working from home,Working from home,Working from home,A moderate amount,A lot,A lot,Moderately important,Moderately important,3 Days,5d58b018a0c0940001a47057,TreatmentBlock
2022-11-23 11:55:15,2022-11-23 11:57:36,IP Address,67.160.54.227,100,141,True,2022-11-23 11:57:36,R_3Geqbfc0Ph9NCz6,,,,,47.6674,-122.3701,anonymous,EN,"Yes, I consent","Yes, I commit",,6286720235c69e3ad5e82061,Other,Working from an office,Working from home,Other,None at all,A moderate amount,A lot,Slightly important,Very important,1 Day,6286720235c69e3ad5e82061,ControlBlock
2022-11-23 11:57:01,2022-11-23 11:57:40,IP Address,24.127.248.75,100,39,True,2022-11-23 11:57:41,R_XN7VCsNNB3SlFnP,,,,,42.7506,-83.5356,anonymous,EN,"Yes, I consent","Yes, I commit",,632478adebdcd9af1ad6de12,Technology,Working from an office,Working from home,Working from home,A little,A little,A lot,Slightly important,Very important,1 Day,632478adebdcd9af1ad6de12,ControlBlock
2022-11-23 11:56:22,2022-11-23 11:58:12,IP Address,75.108.183.70,100,109,True,2022-11-23 11:58:12,R_ZdwjSIlvbOg5Pk5,,,,,30.439,-95.5384,anonymous,EN,"Yes, I consent","Yes, I commit",55bb9ae7fdf99b26d27fda01,,Other,Working from home,Working from home,Working from home,None at all,A little,A moderate amount,Slightly important,Moderately important,2 Days,55bb9ae7fdf99b26d27fda01,TreatmentBlock
2022-11-23 11:57:38,2022-11-23 11:58:35,IP Address,73.171.180.121,100,56,True,2022-11-23 11:58:35,R_2Sr9eY0dU8ZecYM,,,,,29.9475,-81.5264,anonymous,EN,"Yes, I consent","Yes, I commit",6234790e93ccbf5fc88ad4fe,,Other,Working from an office,Working from home,Working from an office,A little,A great deal,A great deal,Very important,Not at all important,3 Days,6234790e93ccbf5fc88ad4fe,TreatmentBlock
2022-11-23 11:57:46,2022-11-23 11:58:36,IP Address,76.26.99.170,100,50,True,2022-11-23 11:58:37,R_Q6UYR6To89V5JXX,,,,,35.141,-106.711,anonymous,EN,"Yes, I consent","Yes, I commit",5c7e843f9c3fc00016f4e5a1,,Manufacturing,Working from an office,Working from home,Working from an office,A moderate amount,A moderate amount,A great deal,Very important,Slightly important,4 Days,5c7e843f9c3fc00016f4e5a1,TreatmentBlock
2022-11-23 11:57:50,2022-11-23 11:58:41,IP Address,69.14.68.202,100,50,True,2022-11-23 11:58:41,R_22WVftHaoioWkGC,,,,,42.7264,-83.1599,anonymous,EN,"Yes, I consent","Yes, I commit",,6106bad588d258f0bdce42c9,Media,Working from an office,Working from home,Working from home,A moderate amount,None at all,A great deal,Moderately important,Moderately important,2 Days,6106bad588d258f0bdce42c9,ControlBlock
2022-11-23 11:58:11,2022-11-23 11:58:56,IP Address,173.49.93.136,100,45,True,2022-11-23 11:58:57,R_2v1dysWQ3LU7fvI,,,,,40.0574,-75.4017,anonymous,EN,"Yes, I consent","Yes, I commit",58f3760092ac81000154f8af,,Technology,Working from an office,Working from home,Working from home,A little,A moderate amount,A moderate amount,Slightly important,Moderately important,2 Days,58f3760092ac81000154f8af,TreatmentBlock
2022-11-23 11:57:53,2022-11-23 11:59:00,IP Address,72.205.34.117,100,67,True,2022-11-23 11:59:00,R_3338IhnYQi1zgIn,,,,,38.7609,-77.1553,anonymous,EN,"Yes, I consent","Yes, I commit",,5dc1ce524d2b6613ad855676,Other,Working from home,Working from home,Working from home,None at all,None at all,None at all,Not at all important,Extremely important,5 Days,5dc1ce524d2b6613ad855676,ControlBlock
2022-11-23 11:58:32,2022-11-23 11:59:31,IP Address,163.116.133.153,100,58,True,2022-11-23 11:59:32,R_3O7jrINQAiGfFbT,,,,,41.8874,-87.6318,anonymous,EN,"Yes, I consent","Yes, I commit",,5d05767056e71d001863ef54,Other,Working from an office,Working from home,Working from home,None at all,A moderate amount,None at all,Not at all important,Extremely important,1 Day,5d05767056e71d001863ef54,ControlBlock
2022-11-23 11:58:24,2022-11-23 11:59:51,IP Address,45.24.132.198,100,86,True,2022-11-23 11:59:51,R_1Nt65Es0GFvtTT0,,,,,33.7408,-84.2632,anonymous,EN,"Yes, I consent","Yes, I commit",611ff6cc935b6de3fff0b896,,Other,Working from an office,Working from home,Working from home,None at all,A great deal,A lot,Not at all important,Extremely important,1 Day,611ff6cc935b6de3fff0b896,TreatmentBlock
2022-11-23 11:59:21,2022-11-23 12:00:19,IP Address,24.118.177.148,100,58,True,2022-11-23 12:00:20,R_1lyp8kZQ7rHCKzx,,,,,44.9764,-93.224,anonymous,EN,"Yes, I consent","Yes, I commit",,5c57631a47a04100010da795,Other,Working from an office,Working from home,Working from home,A lot,A little,A little,Slightly important,Very important,1 Day,5c57631a47a04100010da795,ControlBlock
2022-11-23 11:59:01,2022-11-23 12:00:25,IP Address,136.36.227.247,100,84,True,2022-11-23 12:00:26,R_UMAZwa0BFS9eZ5T,,,,,40.7406,-111.823,anonymous,EN,"Yes, I consent","Yes, I commit",5e5c9623d3e2d3475fea5cff,,Other,Working from an office,Working from home,Working from an office,A little,A little,A moderate amount,Not at all important,Slightly important,3 Days,5e5c9623d3e2d3475fea5cff,TreatmentBlock
2022-11-23 11:59:19,2022-11-23 12:00:27,IP Address,208.87.234.180,100,68,True,2022-11-23 12:00:28,R_299YG87RrbJlpix,,,,,37.751,-97.822,anonymous,EN,"Yes, I consent","Yes, I commit",,5fa2050042e91e3c2bae0ec2,Manufacturing,Working from an office,Working from home,Other,A moderate amount,A moderate amount,A moderate amount,Moderately important,Slightly important,3 Days,5fa2050042e91e3c2bae0ec2,ControlBlock
2022-11-23 11:59:52,2022-11-23 12:00:38,IP Address,172.114.198.172,100,46,True,2022-11-23 12:00:39,R_USeJmEPaTj2oNwZ,,,,,33.7399,-117.0151,anonymous,EN,"Yes, I consent","Yes, I commit",,5d05417d1a34960016e7457a,Technology,Working from home,Working from home,Working from home,None at all,A little,A little,Slightly important,Extremely important,5 Days,5d05417d1a34960016e7457a,ControlBlock
2022-11-23 11:59:41,2022-11-23 12:00:40,IP Address,24.207.208.190,100,58,True,2022-11-23 12:00:40,R_eKzTCFk3FtwPWBr,,,,,38.5753,-90.2651,anonymous,EN,"Yes, I consent","Yes, I commit",5ad13714a010190001b35d66,,Technology,Working from an office,Working from home,Working from home,None at all,None at all,None at all,Not at all important,Extremely important,1 Day,5ad13714a010190001b35d66,TreatmentBlock
2022-11-23 11:59:51,2022-11-23 12:01:01,IP Address,99.67.113.227,100,70,True,2022-11-23 12:01:02,R_1IN2PKUXgw6zBLz,,,,,33.1494,-96.828,anonymous,EN,"Yes, I consent","Yes, I commit",56333f762840d2000a22e4a3,,Technology,Working from home,Working from home,Working from home,A little,A moderate amount,A moderate amount,Slightly important,Very important,2 Days,56333f762840d2000a22e4a3,TreatmentBlock
2022-11-23 12:00:20,2022-11-23 12:01:22,IP Address,24.15.67.247,100,61,True,2022-11-23 12:01:22,R_2Vw2ITUkkJILxEd,,,,,42.1047,-87.7566,anonymous,EN,"Yes, I consent","Yes, I commit",5d548912e1c7130018e019dc,,Technology,Working from an office,Working from home,Working from home,A little,A moderate amount,A moderate amount,Slightly important,Very important,1 Day,5d548912e1c7130018e019dc,TreatmentBlock
2022-11-23 11:59:10,2022-11-23 12:01:28,IP Address,67.149.129.236,100,138,True,2022-11-23 12:01:28,R_3G6sEiPaccjsvNh,,,,,42.5597,-83.1138,anonymous,EN,"Yes, I consent","Yes, I commit",604243ad9743df09e0f72587,,Manufacturing,Working from an office,Working from home,Working from home,None at all,A moderate amount,A great deal,Slightly important,Very important,1 Day,604243ad9743df09e0f72587,TreatmentBlock
2022-11-23 12:00:43,2022-11-23 12:01:33,IP Address,170.154.57.25,100,50,True,2022-11-23 12:01:34,R_3j29jcuwB22O43r,,,,,42.0857,-70.999,anonymous,EN,"Yes, I consent","Yes, I commit",5ae11f9709eae20001132c22,,Other,Working from an office,Working from home,Working from home,None at all,A little,A lot,Not at all important,Moderately important,1 Day,5ae11f9709eae20001132c22,TreatmentBlock
2022-11-23 11:59:54,2022-11-23 12:01:35,IP Address,75.187.98.240,100,100,True,2022-11-23 12:01:35,R_cCMLmNiBLFk0boB,,,,,39.7184,-82.6073,anonymous,EN,"Yes, I consent","Yes, I commit",,5e6982499d7ba9245e58262a,Healthcare,Working from an office,Working from home,Working from home,A great deal,None at all,None at all,Slightly important,Extremely important,1 Day,5e6982499d7ba9245e58262a,ControlBlock
2022-11-23 12:00:53,2022-11-23 12:01:36,IP Address,207.255.222.37,100,42,True,2022-11-23 12:01:36,R_3iqcL5AKu7bY5JZ,,,,,39.5995,-78.8461,anonymous,EN,"Yes, I consent","Yes, I commit",,5aeeb4903c80f200013af2ed,Other,Working from an office,Working from home,Working from home,A great deal,None at all,None at all,Not at all important,Not at all important,1 Day,5aeeb4903c80f200013af2ed,ControlBlock
2022-11-23 12:00:43,2022-11-23 12:01:47,IP Address,71.28.93.198,100,64,True,2022-11-23 12:01:48,R_2YtEiYa9iVR9iO0,,,,,34.9251,-80.7278,anonymous,EN,"Yes, I consent","Yes, I commit",,5e176b2163c7a407ce2f02a1,Education,Working from home,Working from home,Working from home,A lot,A lot,A great deal,Moderately important,Slightly important,2 Days,5e176b2163c7a407ce2f02a1,ControlBlock
2022-11-23 12:01:13,2022-11-23 12:01:49,IP Address,47.188.130.214,100,35,True,2022-11-23 12:01:49,R_33pTefC4tIMThm7,,,,,32.9993,-96.8346,anonymous,EN,"Yes, I consent","Yes, I commit",,62838cdc775f6094ddf0664b,Technology,Working from an office,Working from home,Working from home,None at all,A moderate amount,None at all,Not at all important,Extremely important,1 Day,62838cdc775f6094ddf0664b,ControlBlock
2022-11-23 12:01:00,2022-11-23 12:01:55,IP Address,24.168.238.77,100,54,True,2022-11-23 12:01:56,R_VUPg3gdt9QbCnL3,,,,,33.8734,-78.6493,anonymous,EN,"Yes, I consent","Yes, I commit",55a06b7afdf99b26ce7c5582,,Technology,Working from home,Working from home,Working from home,A great deal,None at all,None at all,Not at all important,Extremely important,1 Day,55a06b7afdf99b26ce7c5582,TreatmentBlock
2022-11-23 12:01:07,2022-11-23 12:02:03,IP Address,74.111.36.232,100,56,True,2022-11-23 12:02:04,R_VWG6Q406MPUFFBf,,,,,43.1115,-76.1834,anonymous,EN,"Yes, I consent","Yes, I commit",5da9fec949bab300155afb7f,,Healthcare,Working from home,Working from home,Working from home,A great deal,A great deal,A moderate amount,Not at all important,Extremely important,1 Day,5da9fec949bab300155afb7f,TreatmentBlock
2022-11-23 12:01:30,2022-11-23 12:03:03,IP Address,24.44.200.42,100,92,True,2022-11-23 12:03:04,R_1dvrZrx108ZNz14,,,,,40.6981,-73.7045,anonymous,EN,"Yes, I consent","Yes, I commit",5dcefcd0307b8d05031d7264,,Other,Working from home,Working from home,Working from home,A little,A little,A little,Not at all important,Extremely important,1 Day,5dcefcd0307b8d05031d7264,TreatmentBlock
2022-11-23 12:01:55,2022-11-23 12:03:33,IP Address,69.49.66.121,100,97,True,2022-11-23 12:03:33,R_tPpWV4dl9XnBcf7,,,,,41.4319,-91.0485,anonymous,EN,"Yes, I consent","Yes, I commit",,6272ae90bcc3709d723d1d2b,Healthcare,Working from an office,Working from home,Working from home,None at all,A great deal,A lot,Not at all important,Extremely important,1 Day,6272ae90bcc3709d723d1d2b,ControlBlock
2022-11-23 12:02:05,2022-11-23 12:03:51,IP Address,76.33.168.121,100,106,True,2022-11-23 12:03:51,R_AMcvlRnRnnzC7ct,,,,,34.1994,-118.5972,anonymous,EN,"Yes, I consent","Yes, I commit",,6091b418d1cddb4526a44543,Other,Working from an office,Working from home,Working from home,None at all,A moderate amount,A little,Slightly important,Moderately important,1 Day,6091b418d1cddb4526a44543,ControlBlock
2022-11-23 12:03:18,2022-11-23 12:04:21,IP Address,67.3.135.249,100,62,True,2022-11-23 12:04:22,R_3fCcc1xgndy0OZY,,,,,41.2884,-95.9972,anonymous,EN,"Yes, I consent","Yes, I commit",,60789e0374c40003064855c1,Healthcare,Working from an office,Working from home,Working from home,None at all,A moderate amount,A lot,Slightly important,Very important,1 Day,60789e0374c40003064855c1,ControlBlock
2022-11-23 12:03:30,2022-11-23 12:04:30,IP Address,172.56.88.220,100,60,True,2022-11-23 12:04:31,R_2OTh3TZfiXXKvZW,,,,,29.5359,-98.4943,anonymous,EN,"Yes, I consent","Yes, I commit",,6068f6b46ca5311c045943f9,Hospitality,Working from an office,Working from an office,Working from home,None at all,None at all,None at all,Not at all important,Not at all important,3 Days,6068f6b46ca5311c045943f9,ControlBlock
2022-11-23 12:03:57,2022-11-23 12:04:50,IP Address,98.248.93.102,100,52,True,2022-11-23 12:04:50,R_33gs4krAWqXv9XU,,,,,37.3479,-121.8527,anonymous,EN,"Yes, I consent","Yes, I commit",631bf96cdf83ffb8f4a7fab8,,Technology,Working from an office,Working from home,Working from home,A lot,A lot,A great deal,Moderately important,Moderately important,2 Days,631bf96cdf83ffb8f4a7fab8,TreatmentBlock
2022-11-23 12:03:45,2022-11-23 12:05:05,IP Address,73.161.247.123,100,79,True,2022-11-23 12:05:05,R_DVp70AFK7pivgad,,,,,42.6449,-83.4036,anonymous,EN,"Yes, I consent","Yes, I commit",58ac91c38bf22a00015b91b3,,Technology,Working from home,Working from home,Working from home,A little,A great deal,A great deal,Moderately important,Moderately important,2 Days,58ac91c38bf22a00015b91b3,TreatmentBlock
2022-11-23 12:03:49,2022-11-23 12:05:27,IP Address,139.55.112.96,100,97,True,2022-11-23 12:05:27,R_6uo1m7k6ApbNA3L,,,,,37.1504,-84.5228,anonymous,EN,"Yes, I consent","Yes, I commit",5de32329b5bed7350391666c,,Manufacturing,Working from an office,Working from home,Working from an office,None at all,A little,A great deal,Not at all important,Very important,2 Days,5de32329b5bed7350391666c,TreatmentBlock
2022-11-23 12:04:44,2022-11-23 12:05:45,IP Address,108.20.112.11,100,61,True,2022-11-23 12:05:45,R_23fqKEWxBSjSSYG,,,,,42.2904,-71.0712,anonymous,EN,"Yes, I consent","Yes, I commit",,5d48fcc5643eb80001fb43fa,Media,Working from an office,Working from an office,Working from an office,A moderate amount,A lot,A great deal,Moderately important,Moderately important,3 Days,5d48fcc5643eb80001fb43fa,ControlBlock
2022-11-23 12:04:52,2022-11-23 12:05:54,IP Address,24.56.247.88,100,61,True,2022-11-23 12:05:54,R_1DNhKU8PjTx6NUa,,,,,47.6137,-122.3104,anonymous,EN,"Yes, I consent","Yes, I commit",6010d8a55ccbc64789fcbd03,,Technology,Working from home,Working from home,Working from home,A great deal,A little,A little,Not at all important,Extremely important,1 Day,6010d8a55ccbc64789fcbd03,TreatmentBlock
2022-11-23 12:05:58,2022-11-23 12:06:32,IP Address,104.136.176.178,100,34,True,2022-11-23 12:06:33,R_33jPFxI12OiAS8e,,,,,28.3159,-80.7292,anonymous,EN,"Yes, I consent","Yes, I commit",5e23b44828b7b6649cc848c1,,Manufacturing,Working from an office,Working from an office,Working from an office,A moderate amount,A lot,A lot,Moderately important,Slightly important,5 Days,5e23b44828b7b6649cc848c1,TreatmentBlock
2022-11-23 12:05:47,2022-11-23 12:06:49,IP Address,108.234.23.100,100,61,True,2022-11-23 12:06:49,R_2qsdeNQR3dyLiJE,,,,,32.988,-96.6884,anonymous,EN,"Yes, I consent","Yes, I commit",5f4f12010c816616c12ab29d,,Other,Working from an office,Working from home,Working from home,None at all,A moderate amount,A moderate amount,Not at all important,Very important,1 Day,5f4f12010c816616c12ab29d,TreatmentBlock
2022-11-23 12:04:53,2022-11-23 12:06:53,IP Address,24.17.213.246,100,119,True,2022-11-23 12:06:53,R_2YwSJQfdM4mkOzN,,,,,47.5079,-122.1773,anonymous,EN,"Yes, I consent","Yes, I commit",,6056962634a5230dacdb63fc,Technology,Working from an office,Other,Working from an office,A little,A moderate amount,A moderate amount,Moderately important,Moderately important,3 Days,6056962634a5230dacdb63fc,ControlBlock
2022-11-23 12:06:12,2022-11-23 12:06:57,IP Address,96.236.226.84,100,44,True,2022-11-23 12:06:57,R_1dvktEyHaJpxR4J,,,,,40.4325,-79.863,anonymous,EN,"Yes, I consent","Yes, I commit",,5fc521555cd05b000cfe0998,Healthcare,Other,Working from home,Working from home,None at all,A moderate amount,None at all,Not at all important,Extremely important,1 Day,5fc521555cd05b000cfe0998,ControlBlock
2022-11-23 12:05:57,2022-11-23 12:06:57,IP Address,173.88.98.197,100,59,True,2022-11-23 12:06:57,R_1OVwAdNh35PSdM5,,,,,40.1149,-82.9054,anonymous,EN,"Yes, I consent","Yes, I commit",,6319700023a7933cecc08b06,Manufacturing,Working from an office,Working from home,Other,None at all,A moderate amount,A lot,Slightly important,Very important,1 Day,6319700023a7933cecc08b06,ControlBlock
2022-11-23 12:05:59,2022-11-23 12:06:59,IP Address,107.77.224.211,100,59,True,2022-11-23 12:06:59,R_1K12Dn67SU1lWiI,,,,,40.8,-73.9763,anonymous,EN,"Yes, I consent","Yes, I commit",,5e7027c5a2522d000bddb8f3,Healthcare,Working from an office,Working from home,Working from an office,A little,A moderate amount,A great deal,Moderately important,Very important,2 Days,5e7027c5a2522d000bddb8f3,ControlBlock
2022-11-23 12:06:37,2022-11-23 12:07:17,IP Address,73.189.186.35,100,40,True,2022-11-23 12:07:18,R_vNeUtXqsjZbljkR,,,,,37.3372,-121.798,anonymous,EN,"Yes, I consent","Yes, I commit",58c518d7b101a70001293900,,Technology,Working from home,Working from home,Working from home,None at all,A great deal,A great deal,Very important,Slightly important,3 Days,58c518d7b101a70001293900,TreatmentBlock
2022-11-23 12:06:05,2022-11-23 12:07:20,IP Address,71.80.120.137,100,74,True,2022-11-23 12:07:20,R_3fphvv3Rb67LU1G,,,,,41.6329,-72.2387,anonymous,EN,"Yes, I consent","Yes, I commit",5a35ecbf57d4450001236fd3,,Transportation,Other,Other,Working from home,A little,A little,A lot,Slightly important,Slightly important,2 Days,5a35ecbf57d4450001236fd3,TreatmentBlock
2022-11-23 12:06:26,2022-11-23 12:07:28,IP Address,174.197.41.121,100,61,True,2022-11-23 12:07:28,R_3oN5stZWspxqDlv,,,,,30.4548,-97.7664,anonymous,EN,"Yes, I consent","Yes, I commit",5d226b35d75330001c7a3d95,,Manufacturing,Working from an office,Working from an office,Working from an office,None at all,A little,A little,Slightly important,Very important,1 Day,5d226b35d75330001c7a3d95,TreatmentBlock
2022-11-23 12:06:28,2022-11-23 12:07:50,IP Address,23.123.217.122,100,82,True,2022-11-23 12:07:52,R_3DtlKH1q0jgv92J,,,,,26.4554,-80.0755,anonymous,EN,"Yes, I consent","Yes, I commit",,63324d2a4e2f02e22d86bbb2,Other,Working from an office,Working from home,Working from home,A moderate amount,A lot,A great deal,Moderately important,Very important,2 Days,63324d2a4e2f02e22d86bbb2,ControlBlock
2022-11-23 12:06:34,2022-11-23 12:07:57,IP Address,98.222.228.92,100,82,True,2022-11-23 12:07:57,R_1pW4cvMOvctE6eN,,,,,41.7057,-88.1946,anonymous,EN,"Yes, I consent","Yes, I commit",,61522d0491dd847aa72155ed,Media,Working from an office,Working from home,Working from home,None at all,A little,A moderate amount,Slightly important,Extremely important,1 Day,61522d0491dd847aa72155ed,ControlBlock
2022-11-23 12:06:55,2022-11-23 12:08:24,IP Address,72.241.44.88,100,89,True,2022-11-23 12:08:24,R_1puskaSZPVJq1Rw,,,,,41.7088,-83.6053,anonymous,EN,"Yes, I consent","Yes, I commit",6154c1748e0de2c3afdab62c,,Technology,Working from home,Working from home,Working from home,A little,A little,A moderate amount,Slightly important,Very important,1 Day,6154c1748e0de2c3afdab62c,TreatmentBlock
2022-11-23 12:08:01,2022-11-23 12:08:39,IP Address,99.95.120.39,100,37,True,2022-11-23 12:08:39,R_3DwDWlHsuZQ6Utr,,,,,36.3519,-94.2197,anonymous,EN,"Yes, I consent","Yes, I commit",,631813267e7e782d6759550b,Media,Working from home,Working from home,Working from home,A little,A little,A lot,Slightly important,Moderately important,3 Days,631813267e7e782d6759550b,ControlBlock
2022-11-23 12:05:15,2022-11-23 12:08:48,IP Address,75.84.114.212,100,212,True,2022-11-23 12:08:48,R_3hxusx7rpNMeuqC,,,,,33.9212,-118.1424,anonymous,EN,"Yes, I consent","Yes, I commit",,5d094021c79e5a001a796b43,Healthcare,Working from an office,Working from home,Working from an office,A lot,A great deal,A great deal,Very important,Not at all important,5 Days,5d094021c79e5a001a796b43,ControlBlock
2022-11-23 12:07:43,2022-11-23 12:08:49,IP Address,23.240.0.21,100,66,True,2022-11-23 12:08:50,R_24MiesJ0xDJBsMz,,,,,33.9168,-118.3432,anonymous,EN,"Yes, I consent","Yes, I commit",56f2319af2df32000d8fb1a4,,Technology,Working from home,Working from home,Working from home,None at all,A lot,A lot,Slightly important,Very important,1 Day,56f2319af2df32000d8fb1a4,TreatmentBlock
2022-11-23 12:07:47,2022-11-23 12:08:54,IP Address,174.57.2.167,100,66,True,2022-11-23 12:08:54,R_2sZQwXXVrq4WYgs,,,,,40.8566,-74.8389,anonymous,EN,"Yes, I consent","Yes, I commit",,5e45db9c36b2e20888a64f5f,Other,Working from home,Working from home,Working from an office,None at all,None at all,None at all,Not at all important,Extremely important,5 Days,5e45db9c36b2e20888a64f5f,ControlBlock
2022-11-23 12:08:15,2022-11-23 12:09:00,IP Address,66.170.77.3,100,44,True,2022-11-23 12:09:00,R_12sAqSLOs2FNDp3,,,,,42.5977,-88.753,anonymous,EN,"Yes, I consent","Yes, I commit",5ade0203066c510001d42abf,,Manufacturing,Working from an office,Other,Other,A little,A lot,A moderate amount,Slightly important,Slightly important,3 Days,5ade0203066c510001d42abf,TreatmentBlock
2022-11-23 12:08:31,2022-11-23 12:09:43,IP Address,47.185.133.24,100,71,True,2022-11-23 12:09:44,R_1pW0e9WhKLpVsHD,,,,,33.0391,-97.0764,anonymous,EN,"Yes, I consent","Yes, I commit",,630cdc7407755279459f65cc,Technology,Working from home,Working from home,Working from home,A great deal,A moderate amount,A moderate amount,Slightly important,Moderately important,1 Day,630cdc7407755279459f65cc,ControlBlock
2022-11-23 12:08:32,2022-11-23 12:09:47,IP Address,73.59.199.172,100,75,True,2022-11-23 12:09:48,R_40lExoDLBosJf8Z,,,,,35.0984,-89.9813,anonymous,EN,"Yes, I consent","Yes, I commit",55e7c36c41988f001275d752,,Other,Working from an office,Working from home,Working from an office,A moderate amount,A lot,A great deal,Moderately important,Moderately important,2 Days,55e7c36c41988f001275d752,TreatmentBlock
2022-11-23 12:08:44,2022-11-23 12:09:51,IP Address,172.58.63.206,100,67,True,2022-11-23 12:09:51,R_3hcJF33nq10rk7W,,,,,39.7388,-104.9868,anonymous,EN,"Yes, I consent","Yes, I commit",,5f21dc69e337a642249401af,Other,Working from an office,Working from home,Working from an office,None at all,A little,A lot,Slightly important,Extremely important,1 Day,5f21dc69e337a642249401af,ControlBlock
2022-11-23 12:08:27,2022-11-23 12:10:06,IP Address,73.36.124.24,100,99,True,2022-11-23 12:10:06,R_2dRzs08I7U1uzqF,,,,,42.0128,-88.0967,anonymous,EN,"Yes, I consent","Yes, I commit",60660870280f2b522cc3214b,,Technology,Other,Working from an office,Working from an office,A little,A moderate amount,A moderate amount,Moderately important,Moderately important,2 Days,60660870280f2b522cc3214b,TreatmentBlock
2022-11-23 12:09:23,2022-11-23 12:10:16,IP Address,24.179.193.101,100,52,True,2022-11-23 12:10:16,R_eJOIkgdnDkp9yAV,,,,,45.5428,-94.1871,anonymous,EN,"Yes, I consent","Yes, I commit",5ffc9218eb4ab30bbeb6c301,,Technology,Working from an office,Working from home,Working from home,None at all,A moderate amount,A little,Slightly important,Extremely important,1 Day,5ffc9218eb4ab30bbeb6c301,TreatmentBlock
2022-11-23 12:02:58,2022-11-23 12:10:20,IP Address,75.83.134.130,100,442,True,2022-11-23 12:10:21,R_1F4dHOxoBVuPImq,,,,,33.9993,-118.2868,anonymous,EN,"Yes, I consent","Yes, I commit",5fb0a3d6a8e4224b973e750b,,Other,Working from home,Working from home,Working from home,A lot,A lot,A lot,Moderately important,Extremely important,5 Days,5fb0a3d6a8e4224b973e750b,TreatmentBlock
2022-11-23 12:02:22,2022-11-23 12:10:42,IP Address,72.219.78.66,100,499,True,2022-11-23 12:10:43,R_2ZUjHwbbO5jI06A,,,,,33.6128,-117.6622,anonymous,EN,"Yes, I consent","Yes, I commit",5b894987e79bf50001e1ff95,,Education,Working from an office,Working from home,Working from home,None at all,A little,A moderate amount,Slightly important,Extremely important,1 Day,5b894987e79bf50001e1ff95,TreatmentBlock
2022-11-23 12:08:24,2022-11-23 12:10:44,IP Address,32.132.12.38,100,139,True,2022-11-23 12:10:44,R_sI4fzPdRq4iL8C5,,,,,31.8977,-96.7078,anonymous,EN,"Yes, I consent","Yes, I commit",,63625293f294f7d242d70c10,Technology,Working from an office,Working from an office,Working from home,A moderate amount,A moderate amount,A moderate amount,Moderately important,Moderately important,5 Days,63625293f294f7d242d70c10,ControlBlock
2022-11-23 12:09:24,2022-11-23 12:10:45,IP Address,73.147.60.32,100,80,True,2022-11-23 12:10:46,R_wYMmdkoC144jyPT,,,,,37.4386,-79.208,anonymous,EN,"Yes, I consent","Yes, I commit",5f24b0fc546c5a0c3c2e43b6,,Other,Working from an office,Working from home,Working from home,A moderate amount,A little,A little,Slightly important,Moderately important,5 Days,5f24b0fc546c5a0c3c2e43b6,TreatmentBlock
2022-11-23 12:09:52,2022-11-23 12:10:47,IP Address,162.207.48.79,100,55,True,2022-11-23 12:10:48,R_3jViFNP8A6ISADj,,,,,34.9274,-82.3186,anonymous,EN,"Yes, I consent","Yes, I commit",62ef8372cd41d2893d237b6b,,Other,Working from an office,Working from home,Working from home,None at all,A little,A moderate amount,Slightly important,Very important,1 Day,62ef8372cd41d2893d237b6b,TreatmentBlock
2022-11-23 12:09:30,2022-11-23 12:10:48,IP Address,71.46.225.86,100,77,True,2022-11-23 12:10:49,R_1gvUck0Z38zikIW,,,,,28.5531,-81.7597,anonymous,EN,"Yes, I consent","Yes, I commit",,569298838d93fe000dfa033c,Education,Working from an office,Working from home,Working from home,A little,A little,A moderate amount,Slightly important,Moderately important,1 Day,569298838d93fe000dfa033c,ControlBlock
2022-11-23 12:10:31,2022-11-23 12:11:34,IP Address,97.82.242.255,100,63,True,2022-11-23 12:11:35,R_3ek4usGqSzYdWWO,,,,,35.6509,-81.2391,anonymous,EN,"Yes, I consent","Yes, I commit",,55aeb059fdf99b5dac7fa5f5,Technology,Working from an office,Working from home,Working from an office,A little,A moderate amount,A lot,Moderately important,Slightly important,3 Days,55aeb059fdf99b5dac7fa5f5,ControlBlock
2022-11-23 12:10:31,2022-11-23 12:11:35,IP Address,174.213.227.174,100,64,True,2022-11-23 12:11:36,R_1dgBj86Z7S4sQvi,,,,,44.9427,-93.2871,anonymous,EN,"Yes, I consent","Yes, I commit",,5ac440da9534ba0001c736da,Entertainment,Working from home,Working from home,Other,None at all,A little,A great deal,Slightly important,Very important,1 Day,5ac440da9534ba0001c736da,ControlBlock
2022-11-23 12:09:57,2022-11-23 12:11:45,IP Address,172.56.241.120,100,107,True,2022-11-23 12:11:45,R_3Jbn8YGygoqmvTP,,,,,32.7104,-117.0528,anonymous,EN,"Yes, I consent","Yes, I commit",610992345dff3a5180a13714,,Healthcare,Working from home,Working from home,Working from home,None at all,A little,A little,Not at all important,Very important,1 Day,610992345dff3a5180a13714,TreatmentBlock
2022-11-23 12:08:55,2022-11-23 12:11:58,IP Address,128.255.229.150,100,183,True,2022-11-23 12:11:59,R_6YBiBjqdC1HEmEF,,,,,41.608,-90.368,anonymous,EN,"Yes, I consent","Yes, I commit",,5de8918e93203f7fb20ce304,Healthcare,Working from an office,Working from an office,Working from an office,A moderate amount,A lot,A great deal,Very important,Extremely important,2 Days,5de8918e93203f7fb20ce304,ControlBlock
2022-11-23 12:11:08,2022-11-23 12:12:02,IP Address,174.84.11.121,100,53,True,2022-11-23 12:12:02,R_RXOWq9HAyCCdmqB,,,,,43.642,-84.2673,anonymous,EN,"Yes, I consent","Yes, I commit",5f9b6cc0e01ad13902b38f60,,Manufacturing,Working from an office,Working from home,Working from home,None at all,None at all,None at all,Not at all important,Very important,2 Days,5f9b6cc0e01ad13902b38f60,TreatmentBlock
2022-11-23 12:10:28,2022-11-23 12:12:19,IP Address,63.155.69.234,100,110,True,2022-11-23 12:12:19,R_3qmbKmjOtiDLS4N,,,,,44.0991,-123.1371,anonymous,EN,"Yes, I consent","Yes, I commit",5c660497076e4e0001290b6c,,Other,Working from home,Working from home,Working from home,A lot,A lot,A lot,Not at all important,Extremely important,5 Days,5c660497076e4e0001290b6c,TreatmentBlock
2022-11-23 12:11:58,2022-11-23 12:12:50,IP Address,98.10.119.144,100,52,True,2022-11-23 12:12:51,R_3RedbEDH54Mhewg,,,,,43.0747,-77.5181,anonymous,EN,"Yes, I consent","Yes, I commit",,5eaf1a2c649fd108284c2b5f,Other,Working from home,Working from home,Working from home,None at all,A moderate amount,A moderate amount,Slightly important,Moderately important,2 Days,5eaf1a2c649fd108284c2b5f,ControlBlock
2022-11-23 12:11:51,2022-11-23 12:12:52,IP Address,172.58.140.121,100,60,True,2022-11-23 12:12:52,R_211CSG8RNfcwSAZ,,,,,41.85,-87.7165,anonymous,EN,"Yes, I consent","Yes, I commit",5dee44454d7bea4e3f4b44a6,,Manufacturing,Working from an office,Working from home,Working from home,None at all,A little,A little,Slightly important,Moderately important,2 Days,5dee44454d7bea4e3f4b44a6,TreatmentBlock
2022-11-23 12:11:36,2022-11-23 12:12:57,IP Address,45.36.165.238,100,81,True,2022-11-23 12:12:58,R_1hXuUSp7BAMAj1T,,,,,36.002,-80.0004,anonymous,EN,"Yes, I consent","Yes, I commit",,599314b360937e0001899338,Education,Working from an office,Working from an office,Working from an office,A moderate amount,A lot,A lot,Moderately important,Slightly important,4 Days,599314b360937e0001899338,ControlBlock
2022-11-23 12:10:27,2022-11-23 12:13:01,IP Address,73.135.156.103,100,153,True,2022-11-23 12:13:01,R_2zOah34E5Oah9qm,,,,,39.5693,-76.9869,anonymous,EN,"Yes, I consent","Yes, I commit",5bf8f34abdd6400001bd5e66,,Media,Other,Working from an office,Working from an office,A lot,A great deal,A great deal,Extremely important,Slightly important,4 Days,5bf8f34abdd6400001bd5e66,TreatmentBlock
2022-11-23 12:10:04,2022-11-23 12:13:02,IP Address,74.195.229.44,100,178,True,2022-11-23 12:13:02,R_ys9eDkXzStwu5cl,,,,,36.1369,-97.0631,anonymous,EN,"Yes, I consent","Yes, I commit",,6005c0af8593c40dcad4aecf,Media,Working from home,Working from home,Working from home,None at all,None at all,None at all,Slightly important,Extremely important,1 Day,6005c0af8593c40dcad4aecf,ControlBlock
2022-11-23 12:12:09,2022-11-23 12:13:04,IP Address,174.49.226.143,100,55,True,2022-11-23 12:13:04,R_3q7EpupmzHH6hOZ,,,,,39.9517,-76.7064,anonymous,EN,"Yes, I consent","Yes, I commit",5c32a83424d16c00015b3779,,Technology,Working from an office,Working from home,Working from home,A lot,A little,A little,Not at all important,Very important,1 Day,5c32a83424d16c00015b3779,TreatmentBlock
2022-11-23 12:11:42,2022-11-23 12:13:16,IP Address,75.235.221.37,100,93,True,2022-11-23 12:13:16,R_2choIzCcCPT4AcG,,,,,29.8639,-90.1067,anonymous,EN,"Yes, I consent","Yes, I commit",,610d6c481ca4797b863fe3d1,Education,Working from home,Working from home,Working from home,None at all,A moderate amount,A moderate amount,Slightly important,Extremely important,1 Day,610d6c481ca4797b863fe3d1,ControlBlock
2022-11-23 12:10:46,2022-11-23 12:13:20,IP Address,98.251.175.70,100,153,True,2022-11-23 12:13:20,R_4SMKRIaCj0zwpOh,,,,,34.9541,-88.9017,anonymous,EN,"Yes, I consent","Yes, I commit",,60a7c4434b322876925afaa3,Manufacturing,Working from an office,Working from home,Working from home,None at all,A little,A little,Not at all important,Very important,1 Day,60a7c4434b322876925afaa3,ControlBlock
2022-11-23 12:12:13,2022-11-23 12:14:06,IP Address,47.222.103.178,100,113,True,2022-11-23 12:14:07,R_6x0QKCI5myGbnBD,,,,,32.7255,-96.6233,anonymous,EN,"Yes, I consent","Yes, I commit",5dd86784dcec8782b85cb5bb,,Education,Working from an office,Working from home,Working from home,A little,A little,A moderate amount,Moderately important,Moderately important,1 Day,5dd86784dcec8782b85cb5bb,TreatmentBlock
2022-11-23 12:13:11,2022-11-23 12:14:10,IP Address,173.174.222.92,100,58,True,2022-11-23 12:14:10,R_BV1FVv4u41iDbax,,,,,29.4698,-98.5357,anonymous,EN,"Yes, I consent","Yes, I commit",,5fc107b696c1250962897bcb,Other,Working from home,Working from home,Working from home,A little,A moderate amount,A lot,Slightly important,Very important,1 Day,5fc107b696c1250962897bcb,ControlBlock
2022-11-23 12:13:30,2022-11-23 12:14:21,IP Address,73.192.81.96,100,50,True,2022-11-23 12:14:21,R_pERoC9AphI8DkvD,,,,,30.223,-81.7595,anonymous,EN,"Yes, I consent","Yes, I commit",6019f3085362081f007bc83f,,Technology,Working from home,Working from home,Working from home,A little,A little,A little,Not at all important,Extremely important,1 Day,6019f3085362081f007bc83f,TreatmentBlock
2022-11-23 12:12:43,2022-11-23 12:14:22,IP Address,172.58.216.121,100,98,True,2022-11-23 12:14:22,R_10ZAkcGl3eJbozn,,,,,42.0774,-71.0446,anonymous,EN,"Yes, I consent","Yes, I commit",,5cdae588cc071e001a1cbbf0,Technology,Working from an office,Working from home,Working from an office,None at all,A little,A great deal,Not at all important,Very important,2 Days,5cdae588cc071e001a1cbbf0,ControlBlock
2022-11-23 12:13:09,2022-11-23 12:14:29,IP Address,64.183.42.239,100,79,True,2022-11-23 12:14:29,R_2CK6mSilrIl8aay,,,,,34.1057,-118.3286,anonymous,EN,"Yes, I consent","Yes, I commit",,56849d528f456f000c45e1dd,Technology,Working from an office,Working from home,Working from an office,A moderate amount,A lot,A lot,Moderately important,Extremely important,2 Days,56849d528f456f000c45e1dd,ControlBlock
2022-11-23 12:13:09,2022-11-23 12:14:41,IP Address,24.253.230.133,100,92,True,2022-11-23 12:14:42,R_1H66LlNSLxR32Km,,,,,35.4603,-97.3387,anonymous,EN,"Yes, I consent","Yes, I commit",636170aa8140956fdb365473,,Other,Working from an office,Working from home,Working from an office,A little,A little,A moderate amount,Slightly important,Extremely important,1 Day,636170aa8140956fdb365473,TreatmentBlock
2022-11-23 12:13:01,2022-11-23 12:14:41,IP Address,99.132.235.78,100,100,True,2022-11-23 12:14:42,R_1nUZMc6Ip9ESsdF,,,,,41.6078,-87.7524,anonymous,EN,"Yes, I consent","Yes, I commit",,62e0532289a4e5d9fedadde1,Hospitality,Working from home,Working from home,Working from an office,A little,A moderate amount,A lot,Moderately important,Moderately important,3 Days,62e0532289a4e5d9fedadde1,ControlBlock
2022-11-23 12:12:58,2022-11-23 12:14:55,IP Address,174.239.37.188,100,117,True,2022-11-23 12:14:56,R_ANzpEU9RB5qulKV,,,,,36.1085,-86.7738,anonymous,EN,"Yes, I consent","Yes, I commit",600c167e28de48080e812884,,Technology,Working from home,Working from home,Working from home,A moderate amount,A moderate amount,A moderate amount,Moderately important,Moderately important,1 Day,600c167e28de48080e812884,TreatmentBlock
2022-11-23 12:14:18,2022-11-23 12:15:06,IP Address,71.46.100.169,100,48,True,2022-11-23 12:15:07,R_24JmTNT9EYj5fwe,,,,,39.7436,-86.1158,anonymous,EN,"Yes, I consent","Yes, I commit",,5c27e76978fad500019328cc,Other,Working from an office,Working from home,Working from home,A little,A little,A little,Slightly important,Slightly important,1 Day,5c27e76978fad500019328cc,ControlBlock
2022-11-23 12:13:51,2022-11-23 12:15:15,IP Address,70.95.99.252,100,83,True,2022-11-23 12:15:15,R_DBGDPFKUgkrvMzf,,,,,32.8192,-117.1002,anonymous,EN,"Yes, I consent","Yes, I commit",61670b499c1bc22ba3a7b588,,Other,Working from home,Working from home,Working from home,None at all,A lot,A little,Not at all important,Very important,5 Days,61670b499c1bc22ba3a7b588,TreatmentBlock
2022-11-23 12:14:53,2022-11-23 12:15:40,IP Address,108.49.100.169,100,47,True,2022-11-23 12:15:41,R_3oXF96I6ZmdmVEE,,,,,42.2078,-71.4322,anonymous,EN,"Yes, I consent","Yes, I commit",,62c55b19972274a6876f7627,Technology,Working from an office,Working from home,Working from home,None at all,A moderate amount,A moderate amount,Slightly important,Very important,1 Day,62c55b19972274a6876f7627,ControlBlock
2022-11-23 12:14:30,2022-11-23 12:15:56,IP Address,132.147.144.40,100,86,True,2022-11-23 12:15:57,R_2bWeceZrSgcqVZl,,,,,32.7519,-97.6858,anonymous,EN,"Yes, I consent","Yes, I commit",,62e2deadd18974300540f870,Other,Working from an office,Working from an office,Working from an office,A moderate amount,A lot,A great deal,Extremely important,Moderately important,4 Days,62e2deadd18974300540f870,ControlBlock
2022-11-23 12:14:57,2022-11-23 12:15:57,IP Address,97.94.83.51,100,59,True,2022-11-23 12:15:57,R_3OqVwIEDHj0JvLn,,,,,43.1772,-85.2473,anonymous,EN,"Yes, I consent","Yes, I commit",5ced23c585712e00190bd98a,,Technology,Working from an office,Working from home,Working from home,None at all,None at all,A little,Not at all important,Extremely important,1 Day,5ced23c585712e00190bd98a,TreatmentBlock
2022-11-23 12:14:19,2022-11-23 12:16:05,IP Address,67.160.11.101,100,105,True,2022-11-23 12:16:06,R_xfw8YpnDsaDmrgR,,,,,47.6784,-122.1857,anonymous,EN,"Yes, I consent","Yes, I commit",5fc2a0d812bc59000b746ee5,,Healthcare,Working from an office,Working from home,Working from home,A moderate amount,A little,A lot,Slightly important,Moderately important,2 Days,5fc2a0d812bc59000b746ee5,TreatmentBlock
2022-11-23 12:15:24,2022-11-23 12:16:21,IP Address,172.9.229.156,100,56,True,2022-11-23 12:16:21,R_1nOMz0f4I0yYdMU,,,,,42.1124,-87.979,anonymous,EN,"Yes, I consent","Yes, I commit",5ed559e5afbd830e2117ed55,,Manufacturing,Working from an office,Working from home,Working from home,A lot,A moderate amount,A lot,Moderately important,Very important,2 Days,5ed559e5afbd830e2117ed55,TreatmentBlock
2022-11-23 12:15:11,2022-11-23 12:16:24,IP Address,71.245.8.29,100,72,True,2022-11-23 12:16:24,R_3EQK2rIVQdHg1e5,,,,,40.7956,-77.0427,anonymous,EN,"Yes, I consent","Yes, I commit",,5f1319143fdcd700091a41d4,Education,Working from an office,Working from home,Other,None at all,None at all,A little,Not at all important,Very important,1 Day,5f1319143fdcd700091a41d4,ControlBlock
2022-11-23 12:15:39,2022-11-23 12:16:31,IP Address,24.208.2.250,100,52,True,2022-11-23 12:16:32,R_32KJ0SNynKDfwMQ,,,,,44.0197,-88.5514,anonymous,EN,"Yes, I consent","Yes, I commit",,5f68c976410f260322dc1747,Manufacturing,Working from an office,Working from home,Other,A little,A moderate amount,A lot,Moderately important,Extremely important,2 Days,5f68c976410f260322dc1747,ControlBlock
2022-11-23 12:15:10,2022-11-23 12:17:14,IP Address,108.2.200.193,100,123,True,2022-11-23 12:17:14,R_2e4CZgix0StMS6h,,,,,39.9943,-75.1181,anonymous,EN,"Yes, I consent","Yes, I commit",,5d0ac7504d57690017a355ef,Technology,Working from an office,Working from home,Working from home,None at all,A little,None at all,Not at all important,Very important,2 Days,5d0ac7504d57690017a355ef,ControlBlock
2022-11-23 12:16:03,2022-11-23 12:17:17,IP Address,69.201.93.22,100,73,True,2022-11-23 12:17:17,R_2Slc0muMp92DtzR,,,,,43.1061,-75.2336,anonymous,EN,"Yes, I consent","Yes, I commit",616829d7504e0346ff2b51df,,Other,Working from an office,Working from home,Working from home,A great deal,A great deal,A lot,Not at all important,Extremely important,1 Day,616829d7504e0346ff2b51df,TreatmentBlock
2022-11-23 12:16:37,2022-11-23 12:17:22,IP Address,73.64.167.96,100,44,True,2022-11-23 12:17:23,R_1K2WVp6TSOQyvip,,,,,40.3062,-76.8841,anonymous,EN,"Yes, I consent","Yes, I commit",,5ae3a41d32ef52000131a531,Technology,Working from an office,Working from home,Working from home,None at all,A little,A moderate amount,Slightly important,Very important,1 Day,5ae3a41d32ef52000131a531,ControlBlock
2022-11-23 12:16:40,2022-11-23 12:17:27,IP Address,136.36.54.169,100,46,True,2022-11-23 12:17:27,R_31vplIJOoHvrDKT,,,,,40.2584,-111.6591,anonymous,EN,"Yes, I consent","Yes, I commit",,6112f31f34628c8bc50e3aa7,Technology,Working from an office,Working from home,Working from home,A moderate amount,A moderate amount,A great deal,Moderately important,Moderately important,3 Days,6112f31f34628c8bc50e3aa7,ControlBlock
2022-11-23 12:16:18,2022-11-23 12:17:37,IP Address,99.89.113.118,100,78,True,2022-11-23 12:17:38,R_3qTF4qHegxrDQNt,,,,,38.6614,-121.2636,anonymous,EN,"Yes, I consent","Yes, I commit",,5c1b97f889f0350001726def,Education,Working from an office,Working from home,Working from home,A moderate amount,A great deal,A great deal,Extremely important,Slightly important,5 Days,5c1b97f889f0350001726def,ControlBlock
2022-11-23 12:16:21,2022-11-23 12:17:48,IP Address,173.75.35.148,100,86,True,2022-11-23 12:17:49,R_1gtJGKGogZzCHLo,,,,,40.5037,-80.0683,anonymous,EN,"Yes, I consent","Yes, I commit",5af835d8e19f8c00019e6dc0,,Technology,Working from an office,Working from home,Other,A lot,A lot,A lot,Very important,Moderately important,2 Days,5af835d8e19f8c00019e6dc0,TreatmentBlock
2022-11-23 12:17:21,2022-11-23 12:17:58,IP Address,76.151.39.77,100,36,True,2022-11-23 12:17:58,R_1jexBksbYiNm4bb,,,,,39.3645,-76.6069,anonymous,EN,"Yes, I consent","Yes, I commit",,611688156f6d22853511ffb3,Technology,Working from home,Working from home,Working from home,A great deal,A moderate amount,A lot,Slightly important,Moderately important,1 Day,611688156f6d22853511ffb3,ControlBlock
2022-11-23 12:17:09,2022-11-23 12:18:00,IP Address,108.39.201.160,100,50,True,2022-11-23 12:18:00,R_9sCOHYrJ2MVJ7tT,,,,,40.4064,-79.9856,anonymous,EN,"Yes, I consent","Yes, I commit",5cf91ace3bb7c4000162318c,,Media,Working from an office,Working from home,Other,None at all,None at all,A little,Not at all important,Moderately important,1 Day,5cf91ace3bb7c4000162318c,TreatmentBlock
2022-11-23 12:16:41,2022-11-23 12:18:00,IP Address,35.141.115.113,100,79,True,2022-11-23 12:18:01,R_2s5ZkvybgkLhLHg,,,,,28.53,-81.4807,anonymous,EN,"Yes, I consent","Yes, I commit",5edb6d2469290d00092100f8,,Other,Working from an office,Other,Other,None at all,A little,A lot,Not at all important,Moderately important,2 Days,5edb6d2469290d00092100f8,TreatmentBlock
2022-11-23 12:13:38,2022-11-23 12:18:07,IP Address,73.244.171.192,100,269,True,2022-11-23 12:18:07,R_21bvvT7s9h4M0YK,,,,,25.6666,-80.4036,anonymous,EN,"Yes, I consent","Yes, I commit",62b0ca0d059c8bfc4c19c68e,,Construction,Working from home,Working from an office,Working from an office,A great deal,A great deal,A great deal,Extremely important,Extremely important,1 Day,62b0ca0d059c8bfc4c19c68e,TreatmentBlock
2022-11-23 12:17:13,2022-11-23 12:18:09,IP Address,68.199.68.224,100,56,True,2022-11-23 12:18:09,R_30pCvSvO9GsnBKg,,,,,41.5977,-73.8895,anonymous,EN,"Yes, I consent","Yes, I commit",5faeb0771929e6000941ecc5,,Technology,Working from home,Working from home,Working from home,None at all,A lot,A great deal,Not at all important,Extremely important,1 Day,5faeb0771929e6000941ecc5,TreatmentBlock
2022-11-23 12:17:24,2022-11-23 12:18:13,IP Address,71.38.156.155,100,48,True,2022-11-23 12:18:14,R_1Nk0C1a1EbX1FID,,,,,36.129,-115.2765,anonymous,EN,"Yes, I consent","Yes, I commit",5ca419ef2fd4860001a501db,,Other,Working from home,Working from home,Working from home,A little,A lot,A moderate amount,Slightly important,Moderately important,1 Day,5ca419ef2fd4860001a501db,TreatmentBlock
2022-11-23 12:18:08,2022-11-23 12:18:33,IP Address,172.58.61.141,100,25,True,2022-11-23 12:18:34,R_3NJ3W8GKKtlLLoF,,,,,39.7388,-104.9868,anonymous,EN,"Yes, I consent","No, I do not commit (You will be exited out of the survey and redirected back to Prolific on the next page)",,,,,,,,,,,,,5c1199258b095d00015cf0ec,
2022-11-23 12:17:00,2022-11-23 12:18:44,IP Address,72.201.177.69,100,104,True,2022-11-23 12:18:45,R_2TT5M4D1yq61Pis,,,,,33.4306,-111.9256,anonymous,EN,"Yes, I consent","Yes, I commit",,5c38f7ac7ba066000164fd1e,Construction,Working from an office,Working from home,Working from an office,A great deal,A great deal,A lot,Extremely important,Very important,5 Days,5c38f7ac7ba066000164fd1e,ControlBlock
2022-11-23 12:18:13,2022-11-23 12:18:55,IP Address,72.84.231.4,100,42,True,2022-11-23 12:18:56,R_3gT8Mse0r6eHxCZ,,,,,37.5147,-77.5034,anonymous,EN,"Yes, I consent","Yes, I commit",,60d7697bf8d2dd2ce87a331e,Education,Working from home,Working from home,Working from home,A little,None at all,None at all,Slightly important,Very important,2 Days,60d7697bf8d2dd2ce87a331e,ControlBlock
2022-11-23 12:17:02,2022-11-23 12:19:19,IP Address,73.138.208.150,100,136,True,2022-11-23 12:19:19,R_3KTx2vfA0X7FDso,,,,,25.9823,-80.1405,anonymous,EN,"Yes, I consent","Yes, I commit",60e9e8092cfc1f464753dd71,,Technology,Working from an office,Working from home,Working from home,A little,A moderate amount,A great deal,Moderately important,Moderately important,2 Days,60e9e8092cfc1f464753dd71,TreatmentBlock
2022-11-23 12:18:03,2022-11-23 12:19:25,IP Address,104.174.120.229,100,82,True,2022-11-23 12:19:25,R_1IuxEopsqEggmfN,,,,,34.0138,-118.4405,anonymous,EN,"Yes, I consent","Yes, I commit",,6151e479b4ee16668948c7f2,Entertainment,Working from an office,Working from home,Working from an office,A moderate amount,A moderate amount,A lot,Very important,Not at all important,5 Days,6151e479b4ee16668948c7f2,ControlBlock
2022-11-23 12:18:30,2022-11-23 12:19:37,IP Address,24.89.18.3,100,67,True,2022-11-23 12:19:38,R_2PhaIBwizGdkxHG,,,,,39.6343,-77.7337,anonymous,EN,"Yes, I consent","Yes, I commit",5d63179aa3b94d0001da4bb6,,Other,Working from an office,Working from home,Other,A great deal,A lot,A great deal,Very important,Not at all important,4 Days,5d63179aa3b94d0001da4bb6,TreatmentBlock
2022-11-23 12:19:05,2022-11-23 12:19:47,IP Address,71.190.55.196,100,42,True,2022-11-23 12:19:47,R_27PUvWtvJu6kk1L,,,,,40.6877,-73.9267,anonymous,EN,"Yes, I consent","Yes, I commit",,62c5fbbb796500bb5406d772,Entertainment,Working from an office,Working from an office,Working from home,A little,A moderate amount,A lot,Moderately important,Slightly important,3 Days,62c5fbbb796500bb5406d772,ControlBlock
2022-11-23 12:16:33,2022-11-23 12:20:01,IP Address,76.110.46.189,100,207,True,2022-11-23 12:20:01,R_1fdUIID0k5ZDAPM,,,,,27.2621,-80.3835,anonymous,EN,"Yes, I consent","Yes, I commit",62faba5f904642df812944fa,,Other,Working from an office,Working from home,Working from home,None at all,A little,A little,Slightly important,Very important,1 Day,62faba5f904642df812944fa,TreatmentBlock
2022-11-23 12:19:17,2022-11-23 12:20:05,IP Address,24.55.52.226,100,47,True,2022-11-23 12:20:05,R_0VezVx8r0rvtBMB,,,,,30.2971,-97.7862,anonymous,EN,"Yes, I consent","Yes, I commit",,60566620bb888e88b6c157ee,Technology,Working from an office,Working from home,Working from home,A moderate amount,A little,A lot,Slightly important,Slightly important,1 Day,60566620bb888e88b6c157ee,ControlBlock
2022-11-23 12:19:22,2022-11-23 12:20:05,IP Address,50.159.93.254,100,43,True,2022-11-23 12:20:06,R_2uKukyCianLnwxv,,,,,36.0588,-115.3104,anonymous,EN,"Yes, I consent","Yes, I commit",623ac50ed58ac10f7e259b8f,,Technology,Working from an office,Working from home,Working from an office,A lot,A great deal,A great deal,Very important,Moderately important,4 Days,623ac50ed58ac10f7e259b8f,TreatmentBlock
2022-11-23 12:19:22,2022-11-23 12:20:19,IP Address,174.230.203.111,100,56,True,2022-11-23 12:20:19,R_3nemvH2dh3Iw9Yc,,,,,40.7592,-111.8875,anonymous,EN,"Yes, I consent","Yes, I commit",5ea70b0537c5170b90ece8ac,,Education,Working from an office,Working from home,Working from home,None at all,A little,A little,Not at all important,Extremely important,1 Day,5ea70b0537c5170b90ece8ac,TreatmentBlock
2022-11-23 12:19:30,2022-11-23 12:20:21,IP Address,24.17.142.26,100,51,True,2022-11-23 12:20:22,R_1lfockfUysf2xdk,,,,,47.7027,-117.3702,anonymous,EN,"Yes, I consent","Yes, I commit",62bdad093f129a724c4dd7b2,,Technology,Working from an office,Working from home,Working from home,None at all,A moderate amount,A great deal,Not at all important,Extremely important,1 Day,62bdad093f129a724c4dd7b2,TreatmentBlock
2022-11-23 12:19:16,2022-11-23 12:20:24,IP Address,108.73.95.238,100,68,True,2022-11-23 12:20:24,R_Qne2N4BsWA5vHTH,,,,,32.9636,-96.7468,anonymous,EN,"Yes, I consent","Yes, I commit",593ae250ef9ed1000141364c,,Other,Working from home,Working from home,Working from home,None at all,A little,A moderate amount,Not at all important,Very important,1 Day,593ae250ef9ed1000141364c,TreatmentBlock
2022-11-23 12:19:19,2022-11-23 12:20:28,IP Address,173.80.125.77,100,68,True,2022-11-23 12:20:29,R_1DZKzS6JkyrSSIg,,,,,38.2373,-81.551,anonymous,EN,"Yes, I consent","Yes, I commit",,5c3b70640eaa0100018ea877,Other,Working from an office,Working from home,Working from home,None at all,A moderate amount,None at all,Not at all important,Very important,1 Day,5c3b70640eaa0100018ea877,ControlBlock
2022-11-23 12:18:57,2022-11-23 12:20:29,IP Address,73.198.25.75,100,92,True,2022-11-23 12:20:30,R_9F7pJivoB5fw5EJ,,,,,39.9464,-75.0517,anonymous,EN,"Yes, I consent","Yes, I commit",615252fe3ac6a44f68bdc779,,Other,Other,Working from home,Working from home,A little,A moderate amount,None at all,Moderately important,Slightly important,2 Days,615252fe3ac6a44f68bdc779,TreatmentBlock
2022-11-23 12:20:10,2022-11-23 12:20:39,IP Address,66.66.132.251,100,28,True,2022-11-23 12:20:39,R_8jJNDMVHPreCSJP,,,,,43.2207,-77.5992,anonymous,EN,"Yes, I consent","Yes, I commit",,5fb97228ff45687f38da7813,Technology,Working from an office,Working from home,Working from an office,A lot,A lot,A great deal,Moderately important,Moderately important,3 Days,5fb97228ff45687f38da7813,ControlBlock
2022-11-23 12:20:14,2022-11-23 12:21:15,IP Address,67.20.226.95,100,61,True,2022-11-23 12:21:16,R_31F2BzW1zeoA8OM,,,,,40.6217,-79.9431,anonymous,EN,"Yes, I consent","Yes, I commit",,6272aedf6abac2a395291522,Other,Working from home,Working from home,Working from home,None at all,A little,A little,Not at all important,Very important,1 Day,6272aedf6abac2a395291522,ControlBlock
2022-11-23 12:20:51,2022-11-23 12:22:06,IP Address,172.58.191.97,100,75,True,2022-11-23 12:22:06,R_pLru2tScQtTEBKV,,,,,38.9091,-77.0203,anonymous,EN,"Yes, I consent","Yes, I commit",5bc3949e35ed640001e277ba,,Education,Working from an office,Working from home,Working from an office,None at all,None at all,None at all,Not at all important,Extremely important,1 Day,5bc3949e35ed640001e277ba,TreatmentBlock
2022-11-23 12:22:02,2022-11-23 12:22:35,IP Address,108.46.151.185,100,33,True,2022-11-23 12:22:35,R_2OITI3PYoouYjF1,,,,,40.7359,-73.9904,anonymous,EN,"Yes, I consent","Yes, I commit",,5b457ba9eb64c200015bbab1,Technology,Working from an office,Working from home,Working from home,A moderate amount,A moderate amount,A great deal,Very important,Moderately important,3 Days,5b457ba9eb64c200015bbab1,ControlBlock
2022-11-23 12:21:17,2022-11-23 12:22:38,IP Address,71.86.182.149,100,80,True,2022-11-23 12:22:38,R_2zwsDT0fZympH6Z,,,,,45.7659,-87.089,anonymous,EN,"Yes, I consent","Yes, I commit",,5ba849b3a2a1ae0001f08d2d,Technology,Working from an office,Working from home,Working from home,A lot,A lot,None at all,Moderately important,Very important,1 Day,5ba849b3a2a1ae0001f08d2d,ControlBlock
2022-11-23 12:14:43,2022-11-23 12:22:55,IP Address,24.28.20.83,100,491,True,2022-11-23 12:22:55,R_2bIXxmquHIcxUVX,,,,,30.5045,-97.8209,anonymous,EN,"Yes, I consent","Yes, I commit",5eb881c34d347b0b1acfbd05,,Other,Working from an office,Working from home,Other,None at all,A little,A little,Not at all important,Moderately important,1 Day,5eb881c34d347b0b1acfbd05,TreatmentBlock
2022-11-23 12:21:47,2022-11-23 12:23:18,IP Address,76.105.152.200,100,91,True,2022-11-23 12:23:18,R_Tu7kZV61Lc3HsqJ,,,,,45.3378,-122.5724,anonymous,EN,"Yes, I consent","Yes, I commit",,5d100e740277ff00152f7562,Other,Working from home,Working from home,Working from home,None at all,A great deal,A little,Not at all important,Very important,4 Days,5d100e740277ff00152f7562,ControlBlock
2022-11-23 12:22:35,2022-11-23 12:23:19,IP Address,73.8.77.196,100,44,True,2022-11-23 12:23:20,R_tWFLlMCQkzNMlJn,,,,,42.3275,-88.2918,anonymous,EN,"Yes, I consent","Yes, I commit",,5f55b2de5c3cb118507479f5,Other,Working from home,Working from home,Working from home,None at all,None at all,None at all,Not at all important,Extremely important,1 Day,5f55b2de5c3cb118507479f5,ControlBlock
2022-11-23 12:22:15,2022-11-23 12:23:23,IP Address,72.238.18.78,100,68,True,2022-11-23 12:23:24,R_cV11FRiIQhUuhMJ,,,,,28.5788,-81.4396,anonymous,EN,"Yes, I consent","Yes, I commit",6277f24d24ba4608b3fa016c,,Transportation,Working from an office,Working from home,Working from an office,A great deal,A moderate amount,A lot,Moderately important,Very important,3 Days,6277f24d24ba4608b3fa016c,TreatmentBlock
2022-11-23 12:22:28,2022-11-23 12:23:35,IP Address,74.133.135.37,100,66,True,2022-11-23 12:23:35,R_yF0YXhrzQTwW4j7,,,,,39.0705,-84.516,anonymous,EN,"Yes, I consent","Yes, I commit",5615777c7ffc8a000a811c61,,Healthcare,Working from an office,Working from an office,Working from an office,A moderate amount,A moderate amount,A lot,Moderately important,Very important,2 Days,5615777c7ffc8a000a811c61,TreatmentBlock
2022-11-23 12:22:31,2022-11-23 12:23:36,IP Address,99.162.252.248,100,64,True,2022-11-23 12:23:36,R_2pQR4m86WMmZfkU,,,,,25.9823,-80.1405,anonymous,EN,"Yes, I consent","Yes, I commit",,62850d0754941f925e1af397,Technology,Working from home,Working from home,Working from home,None at all,None at all,None at all,Not at all important,Very important,1 Day,62850d0754941f925e1af397,ControlBlock
2022-11-23 12:23:04,2022-11-23 12:24:04,IP Address,66.91.75.29,100,59,True,2022-11-23 12:24:04,R_XmHwqkDkArdDqbT,,,,,21.4535,-158.0193,anonymous,EN,"Yes, I consent","Yes, I commit",,5dd0098e01fadf0fa6c3a15f,Other,Working from an office,Working from home,Working from an office,A moderate amount,A moderate amount,A great deal,Slightly important,Slightly important,3 Days,5dd0098e01fadf0fa6c3a15f,ControlBlock
2022-11-23 12:22:20,2022-11-23 12:24:08,IP Address,68.196.90.201,100,108,True,2022-11-23 12:24:08,R_1doU7W3X1aLktbI,,,,,40.9238,-73.9989,anonymous,EN,"Yes, I consent","Yes, I commit",5fd9ad6dab00c64c8a45c9fc,,Healthcare,Working from an office,Working from home,Working from home,None at all,None at all,A little,Not at all important,Extremely important,1 Day,5fd9ad6dab00c64c8a45c9fc,TreatmentBlock
2022-11-23 12:22:20,2022-11-23 12:24:33,IP Address,172.58.108.249,100,132,True,2022-11-23 12:24:33,R_234yftgUAg32bUC,,,,,32.7836,-96.8674,anonymous,EN,"Yes, I consent","Yes, I commit",,62952201fa2b4996b7a66f3d,Construction,Working from an office,Working from an office,Working from an office,A moderate amount,A lot,A lot,Moderately important,Slightly important,3 Days,62952201fa2b4996b7a66f3d,ControlBlock
2022-11-23 12:23:51,2022-11-23 12:24:57,IP Address,172.250.80.22,100,66,True,2022-11-23 12:24:57,R_1OiY7XLz5xeID5V,,,,,34.197,-118.8199,anonymous,EN,"Yes, I consent","Yes, I commit",62b14dff6abbc73f0f5f090c,,Other,Working from an office,Working from home,Working from home,None at all,A little,A lot,Slightly important,Moderately important,1 Day,62b14dff6abbc73f0f5f090c,TreatmentBlock
2022-11-23 12:21:15,2022-11-23 12:25:09,IP Address,50.83.55.68,100,233,True,2022-11-23 12:25:10,R_2EyQvdIuaIfRYTJ,,,,,41.9846,-91.627,anonymous,EN,"Yes, I consent","Yes, I commit",611267d44fb8536ce68fe464,,Healthcare,Working from home,Working from home,Working from home,None at all,A moderate amount,A little,Not at all important,Extremely important,1 Day,611267d44fb8536ce68fe464,TreatmentBlock
2022-11-23 12:24:18,2022-11-23 12:25:14,IP Address,96.230.55.157,100,56,True,2022-11-23 12:25:15,R_1PT3wzpPjqkXX1c,,,,,42.3182,-71.6429,anonymous,EN,"Yes, I consent","Yes, I commit",60da18dba560960ea60a8fe5,,Technology,Working from an office,Working from home,Working from home,None at all,A moderate amount,A lot,Moderately important,Moderately important,1 Day,60da18dba560960ea60a8fe5,TreatmentBlock
2022-11-23 12:23:41,2022-11-23 12:25:18,IP Address,47.28.66.181,100,96,True,2022-11-23 12:25:18,R_21hSyZN4MZV3GlG,,,,,34.1424,-118.1257,anonymous,EN,"Yes, I consent","Yes, I commit",,5d74001d391b6600175f433b,Hospitality,Working from home,Working from home,Working from home,None at all,A moderate amount,A little,Not at all important,Extremely important,1 Day,5d74001d391b6600175f433b,ControlBlock
2022-11-23 12:25:02,2022-11-23 12:25:55,IP Address,96.233.158.165,100,53,True,2022-11-23 12:25:56,R_12hTsqDtvtFOwRA,,,,,41.8333,-71.4314,anonymous,EN,"Yes, I consent","Yes, I commit",5d0c185215f65d00017699f2,,Education,Other,Working from home,Other,None at all,A little,A moderate amount,Not at all important,Extremely important,1 Day,5d0c185215f65d00017699f2,TreatmentBlock
2022-11-23 12:25:26,2022-11-23 12:26:06,IP Address,174.97.96.6,100,40,True,2022-11-23 12:26:07,R_1PRkTzLIjwwL1fA,,,,,39.6635,-84.2439,anonymous,EN,"Yes, I consent","Yes, I commit",,62841e3601b7cae85fa2565b,Other,Working from an office,Working from home,Working from an office,A moderate amount,A moderate amount,A great deal,Moderately important,Very important,3 Days,62841e3601b7cae85fa2565b,ControlBlock
2022-11-23 12:23:37,2022-11-23 12:26:10,IP Address,73.214.29.3,100,153,True,2022-11-23 12:26:10,R_2EoWc2woz2Ydoas,,,,,40.9958,-80.3264,anonymous,EN,"Yes, I consent","Yes, I commit",,6316212c1109a3b1bac89fe6,Healthcare,Working from an office,Working from an office,Working from an office,A moderate amount,A moderate amount,A moderate amount,Slightly important,Moderately important,2 Days,6316212c1109a3b1bac89fe6,ControlBlock
2022-11-23 12:22:54,2022-11-23 12:27:54,IP Address,166.196.103.106,100,299,True,2022-11-23 12:27:54,R_BrzFMDNQSet3mb7,,,,,40.0545,-75.1607,anonymous,EN,"Yes, I consent","Yes, I commit",5ac5207ee1546900019c0279,,Entertainment,Working from an office,Working from home,Working from an office,None at all,A moderate amount,A lot,Slightly important,Moderately important,3 Days,5ac5207ee1546900019c0279,TreatmentBlock
2022-11-23 12:20:13,2022-11-23 12:28:20,IP Address,97.97.19.214,100,486,True,2022-11-23 12:28:21,R_22Yb59A0NzWksKy,,,,,28.2683,-82.2912,anonymous,EN,"Yes, I consent","Yes, I commit",6313a3d93104022e9b8a7318,,Technology,Working from an office,Working from home,Working from home,A great deal,A great deal,A great deal,Extremely important,Extremely important,2 Days,6313a3d93104022e9b8a7318,TreatmentBlock
2022-11-23 12:18:34,2022-11-23 12:28:26,IP Address,73.144.191.47,100,592,True,2022-11-23 12:28:27,R_ePDjDPWgLBMc4rD,,,,,42.2967,-85.2066,anonymous,EN,"Yes, I consent","Yes, I commit",,580a494da38f4a00012ebfdc,Entertainment,Working from an office,Other,Working from an office,A lot,A moderate amount,A moderate amount,Very important,Moderately important,3 Days,580a494da38f4a00012ebfdc,ControlBlock
2022-11-23 12:25:18,2022-11-23 12:28:37,IP Address,174.210.1.56,100,199,True,2022-11-23 12:28:38,R_3nIrhJR1WBluHL2,,,,,38.6664,-90.322,anonymous,EN,"Yes, I consent","Yes, I commit",5639a8adbe9cac000daaa30f,,Other,Working from home,Working from home,Working from home,A great deal,A moderate amount,A little,Slightly important,Extremely important,5 Days,5639a8adbe9cac000daaa30f,TreatmentBlock
2022-11-23 12:20:13,2022-11-23 12:30:21,IP Address,72.109.193.171,100,607,True,2022-11-23 12:30:21,R_20nsS9E8PJrsFJ7,,,,,32.8489,-96.9667,anonymous,EN,"Yes, I consent","Yes, I commit",5d41fdd8ca81250001493117,,Manufacturing,Working from home,Working from home,Working from an office,A little,A moderate amount,A little,Slightly important,Slightly important,5 Days,5d41fdd8ca81250001493117,TreatmentBlock
2022-11-23 12:14:08,2022-11-23 12:36:16,IP Address,162.231.57.35,100,1328,True,2022-11-23 12:36:16,R_r2x4NM0GaC1R3SV,,,,,32.7405,-117.0935,anonymous,EN,"Yes, I consent","Yes, I commit",,59baa339ab8d830001fe56f5,Hospitality,Working from an office,Working from an office,Working from an office,A moderate amount,A lot,A great deal,Moderately important,Moderately important,3 Days,59baa339ab8d830001fe56f5,ControlBlock
